# Blender 5.2.1 LTS
# www.blender.org
mtllib Full_Enclosure_Assembly.mtl
o PCB_Board
v 25.000000 0.000000 -39.500000
v 24.932749 0.000000 -40.182816
v 24.733578 0.000000 -40.839394
v 24.410143 0.000000 -41.444496
v 23.974874 0.000000 -41.974873
v 23.444496 0.000000 -42.410145
v 22.839392 0.000000 -42.733578
v 22.182816 0.000000 -42.932747
v -21.500000 0.000000 -43.000000
v -22.182816 0.000000 -42.932747
v -22.839392 0.000000 -42.733578
v -23.444496 0.000000 -42.410145
v -23.974874 0.000000 -41.974873
v -24.410143 0.000000 -41.444496
v -24.733578 0.000000 -40.839394
v -24.932749 0.000000 -40.182816
v -25.000000 0.000000 39.500000
v -24.932749 0.000000 40.182816
v -24.733578 0.000000 40.839394
v -24.410143 0.000000 41.444496
v -23.974874 0.000000 41.974873
v -23.444496 0.000000 42.410145
v -22.839392 0.000000 42.733578
v -22.182816 0.000000 42.932747
v 21.500000 0.000000 43.000000
v 22.182816 0.000000 42.932747
v 22.839392 0.000000 42.733578
v 23.444496 0.000000 42.410145
v 23.974874 0.000000 41.974873
v 24.410143 0.000000 41.444496
v 24.733578 0.000000 40.839394
v 24.932749 0.000000 40.182816
v 25.000000 1.600000 -39.500000
v 24.932749 1.600000 -40.182816
v 24.733578 1.600000 -40.839394
v 24.410143 1.600000 -41.444496
v 23.974874 1.600000 -41.974873
v 23.444496 1.600000 -42.410145
v 22.839392 1.600000 -42.733578
v 22.182816 1.600000 -42.932747
v -21.500000 1.600000 -43.000000
v -22.182816 1.600000 -42.932747
v -22.839392 1.600000 -42.733578
v -23.444496 1.600000 -42.410145
v -23.974874 1.600000 -41.974873
v -24.410143 1.600000 -41.444496
v -24.733578 1.600000 -40.839394
v -24.932749 1.600000 -40.182816
v -25.000000 1.600000 39.500000
v -24.932749 1.600000 40.182816
v -24.733578 1.600000 40.839394
v -24.410143 1.600000 41.444496
v -23.974874 1.600000 41.974873
v -23.444496 1.600000 42.410145
v -22.839392 1.600000 42.733578
v -22.182816 1.600000 42.932747
v 21.500000 1.600000 43.000000
v 22.182816 1.600000 42.932747
v 22.839392 1.600000 42.733578
v 23.444496 1.600000 42.410145
v 23.974874 1.600000 41.974873
v 24.410143 1.600000 41.444496
v 24.733578 1.600000 40.839394
v 24.932749 1.600000 40.182816
v -22.545481 0.000000 -38.585888
v -22.600000 0.000000 -39.000000
v -22.545481 0.000000 -39.414112
v -22.385641 0.000000 -38.200001
v -22.309361 0.000000 -39.899410
v -22.385641 0.000000 -39.799999
v -21.799999 0.000000 -37.614361
v -22.131371 0.000000 -37.868629
v -22.131371 0.000000 -40.131371
v -21.000000 0.000000 -37.400002
v -21.000000 0.000000 -40.599998
v -21.414110 0.000000 -37.454517
v -21.414110 0.000000 -40.545483
v -21.799999 0.000000 -40.385639
v -19.868629 0.000000 -40.131371
v -20.200001 0.000000 -37.614361
v -20.200001 0.000000 -40.385639
v -19.614359 0.000000 -38.200001
v -19.400000 0.000000 -39.000000
v -19.454519 0.000000 -38.585888
v -19.454519 0.000000 -39.414112
v -19.614359 0.000000 -39.799999
v -19.868629 0.000000 -37.868629
v -20.585890 0.000000 -37.454517
v -20.585890 0.000000 -40.545483
v -21.828180 1.600000 -40.364017
v -21.799999 1.600000 -40.385639
v -21.414110 1.600000 -40.545483
v -21.000000 1.600000 -40.599998
v -20.585890 1.600000 -40.545483
v -22.545481 1.600000 -38.585888
v -22.600000 1.600000 -39.000000
v -22.385641 1.600000 -38.200001
v -22.545481 1.600000 -39.414112
v -22.385641 1.600000 -39.799999
v -22.131371 1.600000 -40.131371
v -21.000000 1.600000 -37.400002
v -21.414110 1.600000 -37.454517
v -21.799999 1.600000 -37.614361
v -22.131371 1.600000 -37.868629
v -19.868629 1.600000 -37.868629
v -20.200001 1.600000 -37.614361
v -20.200001 1.600000 -40.385639
v -19.614359 1.600000 -39.799999
v -19.400000 1.600000 -39.000000
v -19.454519 1.600000 -39.414112
v -19.614359 1.600000 -38.200001
v -19.454519 1.600000 -38.585888
v -20.585890 1.600000 -37.454517
v -19.868629 1.600000 -40.131371
v 19.400000 0.000000 -39.000000
v 19.454519 0.000000 -38.585888
v 19.454519 0.000000 -39.414112
v 19.614359 0.000000 -38.200001
v 19.614359 0.000000 -39.799999
v 20.585890 0.000000 -37.454517
v 20.585890 0.000000 -40.545483
v 20.200001 0.000000 -37.614361
v 20.200001 0.000000 -40.385639
v 19.868629 0.000000 -37.868629
v 19.868629 0.000000 -40.131371
v 21.414110 0.000000 -40.545483
v 21.799999 0.000000 -37.614361
v 21.414110 0.000000 -37.454517
v 21.899410 0.000000 -40.309357
v 21.799999 0.000000 -40.385639
v 22.385641 0.000000 -38.200001
v 22.385641 0.000000 -39.799999
v 22.600000 0.000000 -39.000000
v 22.545481 0.000000 -38.585888
v 22.545481 0.000000 -39.414112
v 22.131371 0.000000 -37.868629
v 22.131371 0.000000 -40.131371
v 21.000000 0.000000 -40.599998
v 21.000000 0.000000 -37.400002
v 19.400000 1.600000 -39.000000
v 19.614359 1.600000 -38.200001
v 19.454519 1.600000 -38.585888
v 19.868629 1.600000 -37.868629
v 20.585890 1.600000 -37.454517
v 20.200001 1.600000 -37.614361
v 21.414110 1.600000 -37.454517
v 22.131371 1.600000 -37.868629
v 21.799999 1.600000 -37.614361
v 22.545481 1.600000 -38.585888
v 22.579283 1.600000 -39.157364
v 22.600000 1.600000 -39.000000
v 22.385641 1.600000 -38.200001
v 21.000000 1.600000 -37.400002
v 22.545481 1.600000 -39.414112
v 19.454519 1.600000 -39.414112
v 19.614359 1.600000 -39.799999
v 20.585890 1.600000 -40.545483
v 20.200001 1.600000 -40.385639
v 19.868629 1.600000 -40.131371
v 21.799999 1.600000 -40.385639
v 21.414110 1.600000 -40.545483
v 22.385641 1.600000 -39.799999
v 22.131371 1.600000 -40.131371
v 21.000000 1.600000 -40.599998
v -22.545481 0.000000 39.414112
v -22.600000 0.000000 39.000000
v -22.385641 0.000000 38.200001
v -22.385641 0.000000 39.799999
v -22.545481 0.000000 38.585888
v -22.131371 0.000000 40.131371
v -21.899410 0.000000 40.309357
v -21.414110 0.000000 40.545483
v -21.414110 0.000000 37.454517
v -21.799999 0.000000 40.385639
v -21.799999 0.000000 37.614361
v -22.131371 0.000000 37.868629
v -20.200001 0.000000 40.385639
v -20.200001 0.000000 37.614361
v -20.585890 0.000000 40.545483
v -20.585890 0.000000 37.454517
v -19.614359 0.000000 38.200001
v -19.400000 0.000000 39.000000
v -19.454519 0.000000 39.414112
v -19.454519 0.000000 38.585888
v -19.614359 0.000000 39.799999
v -19.868629 0.000000 37.868629
v -19.868629 0.000000 40.131371
v -21.000000 0.000000 40.599998
v -21.000000 0.000000 37.400002
v -22.600000 1.600000 39.000000
v -22.545481 1.600000 39.414112
v -22.385641 1.600000 39.799999
v -22.545481 1.600000 38.585888
v -22.385641 1.600000 38.200001
v -22.131371 1.600000 37.868629
v -21.414110 1.600000 40.545483
v -21.414110 1.600000 37.454517
v -21.799999 1.600000 40.385639
v -21.799999 1.600000 37.614361
v -22.131371 1.600000 40.131371
v -20.200001 1.600000 40.385639
v -20.200001 1.600000 37.614361
v -20.585890 1.600000 40.545483
v -20.585890 1.600000 37.454517
v -19.614359 1.600000 39.799999
v -19.400000 1.600000 39.000000
v -19.454519 1.600000 39.414112
v -19.454519 1.600000 38.585888
v -19.614359 1.600000 38.200001
v -19.868629 1.600000 37.868629
v -19.868629 1.600000 40.131371
v -21.000000 1.600000 40.599998
v -21.000000 1.600000 37.400002
v 19.400000 0.000000 39.000000
v 19.454519 0.000000 39.414112
v 19.454519 0.000000 38.585888
v 19.614359 0.000000 39.799999
v 19.614359 0.000000 38.200001
v 20.585890 0.000000 40.545483
v 20.585890 0.000000 37.454517
v 20.200001 0.000000 40.385639
v 20.200001 0.000000 37.614361
v 19.868629 0.000000 40.131371
v 19.868629 0.000000 37.868629
v 21.414110 0.000000 37.454517
v 21.799999 0.000000 40.385639
v 21.414110 0.000000 40.545483
v 21.799999 0.000000 37.614361
v 22.385641 0.000000 38.200001
v 22.600000 0.000000 39.000000
v 22.545481 0.000000 39.414112
v 22.545481 0.000000 38.585888
v 22.385641 0.000000 39.799999
v 22.309361 0.000000 39.899410
v 22.131371 0.000000 40.131371
v 22.131371 0.000000 37.868629
v 21.000000 0.000000 37.400002
v 21.000000 0.000000 40.599998
v 21.000000 1.600000 40.599998
v 20.585890 1.600000 40.545483
v 19.400000 1.600000 39.000000
v 19.454519 1.600000 39.414112
v 19.454519 1.600000 38.585888
v 19.614359 1.600000 39.799999
v 19.614359 1.600000 38.200001
v 20.585890 1.600000 37.454517
v 20.200001 1.600000 40.385639
v 20.200001 1.600000 37.614361
v 19.868629 1.600000 40.131371
v 19.868629 1.600000 37.868629
v 21.414110 1.600000 40.545483
v 21.414110 1.600000 37.454517
v 21.799999 1.600000 37.614361
v 21.799999 1.600000 40.385639
v 22.385641 1.600000 39.799999
v 22.600000 1.600000 39.000000
v 22.545481 1.600000 39.414112
v 22.545481 1.600000 38.585888
v 22.385641 1.600000 38.200001
v 22.131371 1.600000 37.868629
v 22.131371 1.600000 40.131371
v 21.000000 1.600000 37.400002
vn -0.0000 -1.0000 -0.0000
vn -0.0000 1.0000 -0.0000
vn 0.6344 -0.0000 -0.7730
vn -0.8819 -0.0000 0.4714
vn 0.4714 -0.0000 -0.8819
vn -0.7730 -0.0000 0.6344
vn 0.2903 -0.0000 -0.9569
vn -0.6344 -0.0000 0.7730
vn 0.0015 -0.0000 -1.0000
vn -0.4714 -0.0000 0.8819
vn -0.0980 -0.0000 -0.9952
vn -0.2903 -0.0000 0.9569
vn -0.2903 -0.0000 -0.9569
vn -0.0015 -0.0000 1.0000
vn -0.4714 -0.0000 -0.8819
vn 0.0980 -0.0000 0.9952
vn -0.6344 -0.0000 -0.7730
vn 0.2903 -0.0000 0.9569
vn -0.7730 -0.0000 -0.6344
vn 1.0000 -0.0000 0.0008
vn 0.4714 -0.0000 0.8819
vn -0.8819 -0.0000 -0.4714
vn 0.9952 -0.0000 -0.0980
vn 0.6344 -0.0000 0.7730
vn -0.9569 -0.0000 -0.2903
vn 0.9569 -0.0000 -0.2903
vn 0.7730 -0.0000 0.6344
vn -1.0000 -0.0000 -0.0008
vn 0.8819 -0.0000 -0.4714
vn 0.8819 -0.0000 0.4714
vn -0.9952 -0.0000 0.0980
vn 0.7730 -0.0000 -0.6344
vn 0.9569 -0.0000 0.2903
vn -0.9569 -0.0000 0.2903
vn -0.1305 -0.0000 0.9914
vn -0.3827 -0.0000 0.9239
vn -0.6088 -0.0000 0.7934
vn -0.7934 -0.0000 0.6088
vn -0.9239 -0.0000 0.3827
vn -0.9914 -0.0000 0.1305
vn -0.9914 -0.0000 -0.1305
vn -0.9239 -0.0000 -0.3827
vn -0.7934 -0.0000 -0.6088
vn -0.6088 -0.0000 -0.7934
vn -0.3827 -0.0000 -0.9239
vn -0.1305 -0.0000 -0.9914
vn 0.1305 -0.0000 -0.9914
vn 0.3827 -0.0000 -0.9239
vn 0.6088 -0.0000 -0.7934
vn 0.7934 -0.0000 -0.6088
vn 0.9239 -0.0000 -0.3827
vn 0.9914 -0.0000 -0.1305
vn 0.9914 -0.0000 0.1305
vn 0.9239 -0.0000 0.3827
vn 0.7934 -0.0000 0.6088
vn 0.6088 -0.0000 0.7934
vn 0.3827 -0.0000 0.9239
vn 0.1305 -0.0000 0.9914
vt 0.000000 0.000000
vt 1.000000 0.810000
vt 1.000000 0.650000
vt 0.958333 0.650000
vt 0.958333 0.810000
vt 0.916667 0.650000
vt 0.916667 0.810000
vt 0.875000 0.650000
vt 0.875000 0.810000
vt 0.833333 0.650000
vt 0.833333 0.810000
vt 0.791667 0.650000
vt 0.791667 0.810000
vt 0.750000 0.650000
vt 0.750000 0.810000
vt 0.708333 0.650000
vt 0.708333 0.810000
vt 0.666667 0.650000
vt 0.666667 0.810000
vt 0.625000 0.650000
vt 0.625000 0.810000
vt 0.583333 0.650000
vt 0.583333 0.810000
vt 0.541666 0.650000
vt 0.541666 0.810000
vt 0.500000 0.650000
vt 0.500000 0.810000
vt 0.458333 0.650000
vt 0.458333 0.810000
vt 0.416666 0.650000
vt 0.416666 0.810000
vt 0.375000 0.650000
vt 0.375000 0.810000
vt 0.333333 0.650000
vt 0.333333 0.810000
vt 0.291667 0.650000
vt 0.291667 0.810000
vt 0.250000 0.650000
vt 0.250000 0.810000
vt 0.208333 0.650000
vt 0.208333 0.810000
vt 0.166666 0.650000
vt 0.166666 0.810000
vt 0.154166 0.650000
vt 0.125000 0.650000
vt 0.125000 0.810000
vt 0.086877 0.810000
vt 0.083333 0.650000
vt 0.083333 0.810000
vt 0.041666 0.650000
vt 0.041666 0.810000
vt -0.000000 0.650000
vt -0.000000 0.810000
vt 0.958333 0.810000
vt 0.904167 0.650000
vt 0.765833 0.810000
vt 0.404167 0.650000
vt 0.666667 0.810000
vt 0.654166 0.650000
s 0
usemtl Mat_PCB_DarkGreen
f 182/1/1 26/1/1 25/1/1 24/1/1 23/1/1 22/1/1 171/1/1 174/1/1 172/1/1 188/1/1 179/1/1 177/1/1 187/1/1 185/1/1 183/1/1
f 29/1/1 28/1/1 27/1/1 26/1/1 182/1/1 184/1/1 181/1/1 186/1/1 178/1/1 180/1/1 189/1/1 214/1/1 215/1/1 217/1/1 223/1/1 221/1/1 219/1/1 238/1/1 227/1/1 226/1/1 235/1/1 234/1/1 30/1/1
f 6/1/1 5/1/1 4/1/1 3/1/1 2/1/1 1/1/1 32/1/1 31/1/1 30/1/1 234/1/1 233/1/1 231/1/1 230/1/1 232/1/1 229/1/1 236/1/1 228/1/1 225/1/1 237/1/1 220/1/1 222/1/1 224/1/1 218/1/1 216/1/1 214/1/1 189/1/1 173/1/1 175/1/1 176/1/1 167/1/1 169/1/1 166/1/1 165/1/1 168/1/1 170/1/1 171/1/1 22/1/1 21/1/1 20/1/1 19/1/1 18/1/1 17/1/1 16/1/1 15/1/1 14/1/1 69/1/1 70/1/1 67/1/1 66/1/1 65/1/1 68/1/1 72/1/1 71/1/1 76/1/1 74/1/1 88/1/1 80/1/1 87/1/1 82/1/1 84/1/1 83/1/1 85/1/1 86/1/1 115/1/1 116/1/1 118/1/1 124/1/1 122/1/1 120/1/1 139/1/1 128/1/1 127/1/1 136/1/1 131/1/1 134/1/1 133/1/1 135/1/1 132/1/1 137/1/1 129/1/1
f 8/1/1 7/1/1 6/1/1 129/1/1 130/1/1 126/1/1 138/1/1 121/1/1 123/1/1 125/1/1 119/1/1 117/1/1 115/1/1 86/1/1 79/1/1 81/1/1 89/1/1 75/1/1 77/1/1 10/1/1 9/1/1
f 13/1/1 12/1/1 11/1/1 10/1/1 77/1/1 78/1/1 73/1/1 69/1/1 14/1/1
f 100/1/2 90/1/2 44/1/2 45/1/2 46/1/2 47/1/2 48/1/2 98/1/2 99/1/2
f 154/1/2 150/1/2 33/1/2 34/1/2 35/1/2 36/1/2 37/1/2 38/1/2 39/1/2 40/1/2 161/1/2 160/1/2 163/1/2 162/1/2
f 241/1/2 213/1/2 204/1/2 202/1/2 210/1/2 209/1/2 208/1/2 206/1/2 63/1/2 255/1/2 261/1/2 254/1/2 251/1/2 239/1/2 240/1/2 247/1/2 249/1/2 244/1/2 242/1/2
f 255/1/2 63/1/2 64/1/2 33/1/2 150/1/2 151/1/2 149/1/2 152/1/2 147/1/2 148/1/2 146/1/2 153/1/2 144/1/2 145/1/2 143/1/2 141/1/2 142/1/2 140/1/2 155/1/2 156/1/2 159/1/2 158/1/2 157/1/2 164/1/2 161/1/2 40/1/2 41/1/2 42/1/2 43/1/2 44/1/2 90/1/2 91/1/2 92/1/2 93/1/2 94/1/2 107/1/2 114/1/2 108/1/2 110/1/2 109/1/2 112/1/2 111/1/2 105/1/2 106/1/2 113/1/2 101/1/2 102/1/2 103/1/2 104/1/2 97/1/2 95/1/2 96/1/2 98/1/2 48/1/2 49/1/2 50/1/2 51/1/2 52/1/2 53/1/2 54/1/2 55/1/2 198/1/2 200/1/2 192/1/2 191/1/2 190/1/2 193/1/2 194/1/2 195/1/2 199/1/2 197/1/2 213/1/2 241/1/2 243/1/2 245/1/2 250/1/2 248/1/2 246/1/2 262/1/2 252/1/2 253/1/2 260/1/2 259/1/2 258/1/2 256/1/2 257/1/2
f 196/1/2 198/1/2 55/1/2 56/1/2 57/1/2 58/1/2 59/1/2 60/1/2 61/1/2 62/1/2 63/1/2 206/1/2 207/1/2 205/1/2 211/1/2 201/1/2 203/1/2 212/1/2
f 5/1/3 6/1/3 38/1/3 37/1/3
f 19/1/4 20/1/4 52/1/4 51/1/4
f 6/1/5 7/1/5 39/1/5 38/1/5
f 20/1/6 21/1/6 53/1/6 52/1/6
f 7/1/7 8/1/7 40/1/7 39/1/7
f 21/1/8 22/1/8 54/1/8 53/1/8
f 8/1/9 9/1/9 41/1/9 40/1/9
f 22/1/10 23/1/10 55/1/10 54/1/10
f 9/1/11 10/1/11 42/1/11 41/1/11
f 23/1/12 24/1/12 56/1/12 55/1/12
f 10/1/13 11/1/13 43/1/13 42/1/13
f 24/1/14 25/1/14 57/1/14 56/1/14
f 11/1/15 12/1/15 44/1/15 43/1/15
f 25/1/16 26/1/16 58/1/16 57/1/16
f 12/1/17 13/1/17 45/1/17 44/1/17
f 26/1/18 27/1/18 59/1/18 58/1/18
f 13/1/19 14/1/19 46/1/19 45/1/19
f 32/1/20 1/1/20 33/1/20 64/1/20
f 27/1/21 28/1/21 60/1/21 59/1/21
f 14/1/22 15/1/22 47/1/22 46/1/22
f 1/1/23 2/1/23 34/1/23 33/1/23
f 28/1/24 29/1/24 61/1/24 60/1/24
f 15/1/25 16/1/25 48/1/25 47/1/25
f 2/1/26 3/1/26 35/1/26 34/1/26
f 29/1/27 30/1/27 62/1/27 61/1/27
f 16/1/28 17/1/28 49/1/28 48/1/28
f 3/1/29 4/1/29 36/1/29 35/1/29
f 30/1/30 31/1/30 63/1/30 62/1/30
f 17/1/31 18/1/31 50/1/31 49/1/31
f 4/1/32 5/1/32 37/1/32 36/1/32
f 31/1/33 32/1/33 64/1/33 63/1/33
f 18/1/34 19/1/34 51/1/34 50/1/34
f 93/2/35 75/3/35 89/4/35 94/5/35
f 94/5/36 89/4/36 81/6/36 107/7/36
f 107/7/37 81/6/37 79/8/37 114/9/37
f 79/8/38 86/10/38 108/11/38 114/9/38
f 86/10/39 85/12/39 110/13/39 108/11/39
f 85/12/40 83/14/40 109/15/40 110/13/40
f 83/14/41 84/16/41 112/17/41 109/15/41
f 84/16/42 82/18/42 111/19/42 112/17/42
f 82/18/43 87/20/43 105/21/43 111/19/43
f 87/20/44 80/22/44 106/23/44 105/21/44
f 80/22/45 88/24/45 113/25/45 106/23/45
f 88/24/46 74/26/46 101/27/46 113/25/46
f 74/26/47 76/28/47 102/29/47 101/27/47
f 76/28/48 71/30/48 103/31/48 102/29/48
f 71/30/49 72/32/49 104/33/49 103/31/49
f 104/33/50 72/32/50 68/34/50 97/35/50
f 97/35/51 68/34/51 65/36/51 95/37/51
f 95/37/52 65/36/52 66/38/52 96/39/52
f 96/39/53 66/38/53 67/40/53 98/41/53
f 98/41/54 67/40/54 70/42/54 99/43/54
f 99/43/55 70/42/55 69/44/55 73/45/55 100/46/55
f 90/47/56 100/46/56 73/45/56 78/48/56 91/49/56
f 91/49/57 78/48/57 77/50/57 92/51/57
f 92/51/58 77/50/58 75/52/58 93/53/58
f 164/2/35 138/3/35 126/4/35 161/54/35
f 161/54/36 126/4/36 130/6/36 160/7/36
f 160/7/37 130/6/37 129/55/37 137/8/37 163/9/37
f 137/8/38 132/10/38 162/11/38 163/9/38
f 132/10/39 135/12/39 154/13/39 162/11/39
f 150/56/40 154/13/40 135/12/40 133/14/40 151/15/40
f 133/14/41 134/16/41 149/17/41 151/15/41
f 134/16/42 131/18/42 152/19/42 149/17/42
f 131/18/43 136/20/43 147/21/43 152/19/43
f 136/20/44 127/22/44 148/23/44 147/21/44
f 127/22/45 128/24/45 146/25/45 148/23/45
f 128/24/46 139/26/46 153/27/46 146/25/46
f 139/26/47 120/28/47 144/29/47 153/27/47
f 120/28/48 122/30/48 145/31/48 144/29/48
f 122/30/49 124/32/49 143/33/49 145/31/49
f 143/33/50 124/32/50 118/34/50 141/35/50
f 141/35/51 118/34/51 116/36/51 142/37/51
f 142/37/52 116/36/52 115/38/52 140/39/52
f 140/39/53 115/38/53 117/40/53 155/41/53
f 155/41/54 117/40/54 119/42/54 156/43/54
f 156/43/55 119/42/55 125/45/55 159/46/55
f 159/46/56 125/45/56 123/48/56 158/49/56
f 158/49/57 123/48/57 121/50/57 157/51/57
f 157/51/58 121/50/58 138/52/58 164/53/58
f 213/2/35 189/3/35 180/4/35 204/5/35
f 204/5/36 180/4/36 178/6/36 202/7/36
f 202/7/37 178/6/37 186/8/37 210/9/37
f 186/8/38 181/10/38 209/11/38 210/9/38
f 181/10/39 184/12/39 208/13/39 209/11/39
f 184/12/40 182/14/40 206/15/40 208/13/40
f 182/14/41 183/16/41 207/17/41 206/15/41
f 183/16/42 185/18/42 205/19/42 207/17/42
f 185/18/43 187/20/43 211/21/43 205/19/43
f 187/20/44 177/22/44 201/23/44 211/21/44
f 177/22/45 179/24/45 203/25/45 201/23/45
f 179/24/46 188/26/46 212/27/46 203/25/46
f 188/26/47 172/28/47 196/29/47 212/27/47
f 172/28/48 174/30/48 198/31/48 196/29/48
f 198/31/49 174/30/49 171/57/49 170/32/49 200/33/49
f 200/33/50 170/32/50 168/34/50 192/35/50
f 192/35/51 168/34/51 165/36/51 191/37/51
f 191/37/52 165/36/52 166/38/52 190/39/52
f 190/39/53 166/38/53 169/40/53 193/41/53
f 193/41/54 169/40/54 167/42/54 194/43/54
f 194/43/55 167/42/55 176/45/55 195/46/55
f 195/46/56 176/45/56 175/48/56 199/49/56
f 199/49/57 175/48/57 173/50/57 197/51/57
f 197/51/58 173/50/58 189/52/58 213/53/58
f 262/2/35 237/3/35 225/4/35 252/5/35
f 252/5/36 225/4/36 228/6/36 253/7/36
f 253/7/37 228/6/37 236/8/37 260/9/37
f 236/8/38 229/10/38 259/11/38 260/9/38
f 229/10/39 232/12/39 258/13/39 259/11/39
f 232/12/40 230/14/40 256/15/40 258/13/40
f 230/14/41 231/16/41 257/17/41 256/15/41
f 231/16/42 233/18/42 255/58/42 257/17/42
f 233/18/43 234/59/43 235/20/43 261/21/43 255/58/43
f 235/20/44 226/22/44 254/23/44 261/21/44
f 226/22/45 227/24/45 251/25/45 254/23/45
f 227/24/46 238/26/46 239/27/46 251/25/46
f 238/26/47 219/28/47 240/29/47 239/27/47
f 219/28/48 221/30/48 247/31/48 240/29/48
f 221/30/49 223/32/49 249/33/49 247/31/49
f 249/33/50 223/32/50 217/34/50 244/35/50
f 244/35/51 217/34/51 215/36/51 242/37/51
f 242/37/52 215/36/52 214/38/52 241/39/52
f 241/39/53 214/38/53 216/40/53 243/41/53
f 243/41/54 216/40/54 218/42/54 245/43/54
f 245/43/55 218/42/55 224/45/55 250/46/55
f 250/46/56 224/45/56 222/48/56 248/49/56
f 248/49/57 222/48/57 220/50/57 246/51/57
f 246/51/58 220/50/58 237/52/58 262/53/58
o Screen_Glass
v 25.000000 1.600000 -34.279999
v 24.990393 1.600000 -34.377544
v 24.961939 1.600000 -34.471340
v 24.915735 1.600000 -34.557785
v 24.853554 1.600000 -34.633553
v 24.777784 1.600000 -34.695736
v 24.691341 1.600000 -34.741940
v 24.597546 1.600000 -34.770393
v -24.500000 1.600000 -34.779999
v -24.597546 1.600000 -34.770393
v -24.691341 1.600000 -34.741940
v -24.777784 1.600000 -34.695736
v -24.853554 1.600000 -34.633553
v -24.915735 1.600000 -34.557785
v -24.961939 1.600000 -34.471340
v -24.990393 1.600000 -34.377544
v -25.000000 1.600000 33.919998
v -24.990393 1.600000 34.017544
v -24.961939 1.600000 34.111340
v -24.915735 1.600000 34.197784
v -24.853554 1.600000 34.273552
v -24.777784 1.600000 34.335735
v -24.691341 1.600000 34.381939
v -24.597546 1.600000 34.410393
v 24.500000 1.600000 34.419998
v 24.597546 1.600000 34.410393
v 24.691341 1.600000 34.381939
v 24.777784 1.600000 34.335735
v 24.853554 1.600000 34.273552
v 24.915735 1.600000 34.197784
v 24.961939 1.600000 34.111340
v 24.990393 1.600000 34.017544
v 25.000000 5.900000 -34.279999
v 24.990393 5.900000 -34.377544
v 24.961939 5.900000 -34.471340
v 24.915735 5.900000 -34.557785
v 24.853554 5.900000 -34.633553
v 24.777784 5.900000 -34.695736
v 24.691341 5.900000 -34.741940
v 24.597546 5.900000 -34.770393
v -24.500000 5.900000 -34.779999
v -24.597546 5.900000 -34.770393
v -24.691341 5.900000 -34.741940
v -24.777784 5.900000 -34.695736
v -24.853554 5.900000 -34.633553
v -24.915735 5.900000 -34.557785
v -24.961939 5.900000 -34.471340
v -24.990393 5.900000 -34.377544
v -25.000000 5.900000 33.919998
v -24.990393 5.900000 34.017544
v -24.961939 5.900000 34.111340
v -24.915735 5.900000 34.197784
v -24.853554 5.900000 34.273552
v -24.777784 5.900000 34.335735
v -24.691341 5.900000 34.381939
v -24.597546 5.900000 34.410393
v 24.500000 5.900000 34.419998
v 24.597546 5.900000 34.410393
v 24.691341 5.900000 34.381939
v 24.777784 5.900000 34.335735
v 24.853554 5.900000 34.273552
v 24.915735 5.900000 34.197784
v 24.961939 5.900000 34.111340
v 24.990393 5.900000 34.017544
vn -0.0000 -1.0000 -0.0000
vn -0.0000 1.0000 -0.0000
vn 0.0980 -0.0000 0.9952
vn -0.6344 -0.0000 -0.7730
vn 0.2903 -0.0000 0.9569
vn -0.7730 -0.0000 -0.6344
vn 1.0000 -0.0000 0.0001
vn 0.4714 -0.0000 0.8819
vn -0.8819 -0.0000 -0.4714
vn 0.9952 -0.0000 -0.0980
vn 0.6344 -0.0000 0.7730
vn -0.9569 -0.0000 -0.2903
vn 0.9569 -0.0000 -0.2903
vn 0.7730 -0.0000 0.6344
vn -1.0000 -0.0000 -0.0001
vn 0.8819 -0.0000 -0.4714
vn 0.8819 -0.0000 0.4714
vn -0.9952 -0.0000 0.0980
vn 0.7730 -0.0000 -0.6344
vn 0.9569 -0.0000 0.2903
vn -0.9569 -0.0000 0.2903
vn 0.6344 -0.0000 -0.7730
vn -0.8819 -0.0000 0.4714
vn 0.4714 -0.0000 -0.8819
vn -0.7730 -0.0000 0.6344
vn 0.2903 -0.0000 -0.9569
vn -0.6344 -0.0000 0.7730
vn 0.0002 -0.0000 -1.0000
vn -0.4714 -0.0000 0.8819
vn -0.0980 -0.0000 -0.9952
vn -0.2903 -0.0000 0.9569
vn -0.2903 -0.0000 -0.9569
vn -0.0002 -0.0000 1.0000
vn -0.4714 -0.0000 -0.8819
s 0
usemtl Mat_Touch_Glass
f 263//59 294//59 293//59 292//59 291//59 290//59 289//59 288//59 287//59 286//59 285//59 284//59 283//59 282//59 281//59 280//59 279//59 278//59 277//59 276//59 275//59 274//59 273//59 272//59 271//59 270//59 269//59 268//59 267//59 266//59 265//59 264//59
f 295//60 296//60 297//60 298//60 299//60 300//60 301//60 302//60 303//60 304//60 305//60 306//60 307//60 308//60 309//60 310//60 311//60 312//60 313//60 314//60 315//60 316//60 317//60 318//60 319//60 320//60 321//60 322//60 323//60 324//60 325//60 326//60
f 287//61 288//61 320//61 319//61
f 274//62 275//62 307//62 306//62
f 288//63 289//63 321//63 320//63
f 275//64 276//64 308//64 307//64
f 294//65 263//65 295//65 326//65
f 289//66 290//66 322//66 321//66
f 276//67 277//67 309//67 308//67
f 263//68 264//68 296//68 295//68
f 290//69 291//69 323//69 322//69
f 277//70 278//70 310//70 309//70
f 264//71 265//71 297//71 296//71
f 291//72 292//72 324//72 323//72
f 278//73 279//73 311//73 310//73
f 265//74 266//74 298//74 297//74
f 292//75 293//75 325//75 324//75
f 279//76 280//76 312//76 311//76
f 266//77 267//77 299//77 298//77
f 293//78 294//78 326//78 325//78
f 280//79 281//79 313//79 312//79
f 267//80 268//80 300//80 299//80
f 281//81 282//81 314//81 313//81
f 268//82 269//82 301//82 300//82
f 282//83 283//83 315//83 314//83
f 269//84 270//84 302//84 301//84
f 283//85 284//85 316//85 315//85
f 270//86 271//86 303//86 302//86
f 284//87 285//87 317//87 316//87
f 271//88 272//88 304//88 303//88
f 285//89 286//89 318//89 317//89
f 272//90 273//90 305//90 304//90
f 286//91 287//91 319//91 318//91
f 273//92 274//92 306//92 305//92
o Screen_Display
v -21.600000 5.910000 25.719999
v 21.600000 5.910000 25.719999
v -21.600000 5.910000 -31.879999
v 21.600000 5.910000 -31.879999
vn -0.0000 1.0000 -0.0000
vt 0.000000 0.000000
vt 1.000000 0.000000
vt 1.000000 1.000000
vt 0.000000 1.000000
s 0
usemtl Mat_Display_UI
f 327/60/93 328/61/93 330/62/93 329/63/93
o USBC_Receptacle
v -4.500000 -3.200000 46.750000
v -4.500000 0.000000 46.750000
v -4.500000 -3.200000 39.250000
v -4.500000 0.000000 39.250000
v 4.500000 -3.200000 46.750000
v 4.500000 0.000000 46.750000
v 4.500000 -3.200000 39.250000
v 4.500000 0.000000 39.250000
vn -1.0000 -0.0000 -0.0000
vn -0.0000 -0.0000 -1.0000
vn 1.0000 -0.0000 -0.0000
vn -0.0000 -0.0000 1.0000
vn -0.0000 -1.0000 -0.0000
vn -0.0000 1.0000 -0.0000
vt 0.375000 0.000000
vt 0.625000 0.000000
vt 0.625000 0.250000
vt 0.375000 0.250000
vt 0.625000 0.500000
vt 0.375000 0.500000
vt 0.625000 0.750000
vt 0.375000 0.750000
vt 0.625000 1.000000
vt 0.375000 1.000000
vt 0.125000 0.500000
vt 0.125000 0.750000
vt 0.875000 0.500000
vt 0.875000 0.750000
s 0
usemtl Mat_Silver_Metal
f 331/64/94 332/65/94 334/66/94 333/67/94
f 333/67/95 334/66/95 338/68/95 337/69/95
f 337/69/96 338/68/96 336/70/96 335/71/96
f 335/71/97 336/70/97 332/72/97 331/73/97
f 333/74/98 337/69/98 335/71/98 331/75/98
f 338/68/99 334/76/99 332/77/99 336/70/99
o MicroSD_Socket
v 16.000000 -1.800000 -0.720000
v 16.000000 0.000000 -0.720000
v 16.000000 -1.800000 -15.219999
v 16.000000 0.000000 -15.219999
v 31.000000 -1.800000 -0.720000
v 31.000000 0.000000 -0.720000
v 31.000000 -1.800000 -15.219999
v 31.000000 0.000000 -15.219999
vn -1.0000 -0.0000 -0.0000
vn -0.0000 -0.0000 -1.0000
vn 1.0000 -0.0000 -0.0000
vn -0.0000 -0.0000 1.0000
vn -0.0000 -1.0000 -0.0000
vn -0.0000 1.0000 -0.0000
vt 0.375000 0.000000
vt 0.625000 0.000000
vt 0.625000 0.250000
vt 0.375000 0.250000
vt 0.625000 0.500000
vt 0.375000 0.500000
vt 0.625000 0.750000
vt 0.375000 0.750000
vt 0.625000 1.000000
vt 0.375000 1.000000
vt 0.125000 0.500000
vt 0.125000 0.750000
vt 0.875000 0.500000
vt 0.875000 0.750000
s 0
usemtl Mat_Silver_Metal
f 339/78/100 340/79/100 342/80/100 341/81/100
f 341/81/101 342/80/101 346/82/101 345/83/101
f 345/83/102 346/82/102 344/84/102 343/85/102
f 343/85/103 344/84/103 340/86/103 339/87/103
f 341/88/104 345/83/104 343/85/104 339/89/104
f 346/82/105 342/90/105 340/91/105 344/84/105
o Case_Bottom
v 25.500000 -4.000000 -12.969999
v 21.000000 -6.000000 37.750000
v 21.000000 -5.000000 35.750000
v 26.794096 -4.000000 -12.799629
v -21.000000 -6.000000 37.750000
v -21.000000 -5.000000 35.750000
v 21.323524 -6.000000 37.792591
v 21.000000 0.000000 35.750000
v 21.000000 -6.000000 -40.250000
v 21.625000 -6.000000 37.917469
v 21.841162 -5.000000 35.860741
v 21.841162 0.000000 35.860741
v 21.883884 -6.000000 38.116116
v -20.676476 -6.000000 37.792591
v -21.000000 0.000000 35.750000
v 22.082531 -6.000000 38.375000
v 22.625000 -5.000000 36.185417
v 22.625000 0.000000 36.185417
v 22.207407 -6.000000 38.676476
v -21.000000 -6.000000 -40.250000
v 22.250000 -6.000000 39.000000
v 23.298098 -5.000000 36.701904
v -20.375000 -6.000000 37.917469
v 21.000000 -5.000000 -42.250000
v 22.207407 -6.000000 39.323524
v 26.794096 -4.000000 -3.140371
v 23.298098 0.000000 36.701904
v 22.082531 -6.000000 39.625000
v 25.500000 -4.000000 -2.970000
v -20.158838 -5.000000 35.860741
v 23.814583 -5.000000 37.375000
v 21.883884 -6.000000 39.883884
v 23.814583 0.000000 37.375000
v -20.116116 -6.000000 38.116116
v 21.625000 -6.000000 40.082531
v 24.139259 -5.000000 38.158836
v 21.323524 -6.000000 -40.207409
v 24.139259 0.000000 38.158836
v 21.323524 -6.000000 40.207409
v -20.158838 0.000000 35.860741
v 21.000000 -6.000000 40.250000
v -19.917469 -6.000000 38.375000
v 24.250000 -5.000000 39.000000
v 20.676476 -6.000000 40.207409
v 21.000000 0.000000 -42.250000
v 24.250000 0.000000 39.000000
v 20.375000 -6.000000 40.082531
v -19.375000 -5.000000 36.185417
v 24.139259 -5.000000 39.841164
v 24.139259 0.000000 39.841164
v 20.116116 -6.000000 39.883884
v 27.400000 -7.000000 -39.400002
v 23.814583 -5.000000 40.625000
v 19.917469 -6.000000 39.625000
v -19.792593 -6.000000 38.676476
v 19.792593 -6.000000 39.323524
v -19.375000 0.000000 36.185417
v 23.814583 0.000000 40.625000
v 23.298098 -5.000000 41.298096
v 19.750000 -6.000000 39.000000
v -18.701902 -5.000000 36.701904
v -19.750000 -6.000000 39.000000
v 19.792593 -6.000000 38.676476
v 23.298098 0.000000 41.298096
v 19.917469 -6.000000 38.375000
v 22.625000 -5.000000 41.814583
v 21.625000 -6.000000 -40.082531
v 20.116116 -6.000000 38.116116
v 22.625000 0.000000 41.814583
v -18.701902 0.000000 36.701904
v 20.375000 -6.000000 37.917469
v -19.792593 -6.000000 39.323524
v 21.841162 -5.000000 42.139259
v 20.676476 -6.000000 37.792591
v -21.000000 -5.000000 -42.250000
v 21.841162 0.000000 42.139259
v -19.917469 -6.000000 39.625000
v 21.000000 -5.000000 42.250000
v 21.841162 -5.000000 -42.139259
v 21.000000 0.000000 42.250000
v 20.158838 -5.000000 42.139259
v -18.185417 -5.000000 37.375000
v 20.158838 0.000000 42.139259
v 21.883884 -6.000000 -39.883884
v -20.116116 -6.000000 39.883884
v 19.375000 -5.000000 41.814583
v 19.375000 0.000000 41.814583
v -18.185417 0.000000 37.375000
v 21.841162 0.000000 -42.139259
v 18.701902 -5.000000 41.298096
v -20.375000 -6.000000 40.082531
v 18.701902 0.000000 41.298096
v 18.185417 -5.000000 40.625000
v -17.860741 -5.000000 38.158836
v -20.676476 -6.000000 40.207409
v 18.185417 0.000000 40.625000
v -25.400000 -5.250000 43.400002
v 17.860741 -5.000000 39.841164
v 17.860741 0.000000 39.841164
v -17.860741 0.000000 38.158836
v -21.000000 -6.000000 40.250000
v 17.750000 -5.000000 39.000000
v -17.750000 -5.000000 39.000000
v 17.750000 0.000000 39.000000
v 17.860741 -5.000000 38.158836
v 22.082531 -6.000000 -39.625000
v -21.323524 -6.000000 40.207409
v 17.860741 0.000000 38.158836
v 18.185417 -5.000000 37.375000
v -20.676476 -6.000000 -40.207409
v 18.185417 0.000000 37.375000
v -17.750000 0.000000 39.000000
v -17.860741 -5.000000 39.841164
v 18.701902 -5.000000 36.701904
v -21.625000 -6.000000 40.082531
v 18.701902 0.000000 36.701904
v 19.375000 -5.000000 36.185417
v 22.625000 -5.000000 -41.814583
v 19.375000 0.000000 36.185417
v -17.860741 0.000000 39.841164
v -21.883884 -6.000000 39.883884
v 20.158838 -5.000000 35.860741
v 20.158838 0.000000 35.860741
v 22.207407 -6.000000 -39.323524
v -22.082531 -6.000000 39.625000
v -21.000000 0.000000 -42.250000
v -18.185417 -5.000000 40.625000
v -18.185417 0.000000 40.625000
v -22.207407 -6.000000 39.323524
v 22.625000 0.000000 -41.814583
v 22.250000 -6.000000 -39.000000
v -22.250000 -6.000000 39.000000
v -18.701902 -5.000000 41.298096
v -22.207407 -6.000000 38.676476
v -20.375000 -6.000000 -40.082531
v -18.701902 0.000000 41.298096
v 23.298098 -5.000000 -41.298096
v -22.082531 -6.000000 38.375000
v -19.375000 -5.000000 41.814583
v -21.883884 -6.000000 38.116116
v -19.375000 0.000000 41.814583
v 27.284712 -7.000000 -40.570541
v 22.207407 -6.000000 -38.676476
v -21.625000 -6.000000 37.917469
v -20.158838 -5.000000 42.139259
v -21.323524 -6.000000 37.792591
v 23.298098 0.000000 -41.298096
v -20.158838 0.000000 42.139259
v 22.082531 -6.000000 -38.375000
v -21.000000 -5.000000 42.250000
v 23.814583 -5.000000 -40.625000
v -21.000000 0.000000 42.250000
v -21.841162 -5.000000 42.139259
v -20.158838 -5.000000 -42.139259
v 26.943277 -7.000000 -41.696102
v -21.841162 0.000000 42.139259
v 21.883884 -6.000000 -38.116116
v -22.625000 -5.000000 41.814583
v 23.814583 0.000000 -40.625000
v -22.625000 0.000000 41.814583
v 21.625000 -6.000000 -37.917469
v -23.298098 -5.000000 41.298096
v -23.298098 0.000000 41.298096
v 24.139259 -5.000000 -39.841164
v -23.814583 -5.000000 40.625000
v -20.116116 -6.000000 -39.883884
v 24.139259 0.000000 -39.841164
v -23.814583 0.000000 40.625000
v 21.323524 -6.000000 -37.792591
v -24.139259 -5.000000 39.841164
v -24.139259 0.000000 39.841164
v -20.158838 0.000000 -42.139259
v -24.250000 -5.000000 39.000000
v 21.000000 -6.000000 -37.750000
v 24.250000 -5.000000 -39.000000
v -24.250000 0.000000 39.000000
v -25.400000 -5.250000 -43.400002
v -24.139259 -5.000000 38.158836
v 20.676476 -6.000000 -37.792591
v -24.139259 0.000000 38.158836
v -23.814583 -5.000000 37.375000
v 24.250000 0.000000 -39.000000
v -19.917469 -6.000000 -39.625000
v -23.814583 0.000000 37.375000
v -23.298098 -5.000000 36.701904
v 24.139259 -5.000000 -38.158836
v -23.298098 0.000000 36.701904
v 20.375000 -6.000000 -37.917469
v -19.375000 -5.000000 -41.814583
v -22.625000 -5.000000 36.185417
v -22.625000 0.000000 36.185417
v 24.139259 0.000000 -38.158836
v -21.841162 -5.000000 35.860741
v 20.116116 -6.000000 -38.116116
v -19.792593 -6.000000 -39.323524
v -21.841162 0.000000 35.860741
v 23.814583 -5.000000 -37.375000
v 19.917469 -6.000000 -38.375000
v -19.375000 0.000000 -41.814583
v 19.792593 -6.000000 -38.676476
v 26.388817 -7.000000 -42.733421
v 23.814583 0.000000 -37.375000
v 23.298098 -5.000000 -36.701904
v 19.750000 -6.000000 -39.000000
v -18.701902 -5.000000 -41.298096
v 19.792593 -6.000000 -39.323524
v 23.298098 0.000000 -36.701904
v -19.750000 -6.000000 -39.000000
v 22.625000 -5.000000 -36.185417
v 19.917469 -6.000000 -39.625000
v 25.400000 -5.250000 43.400002
v 22.625000 0.000000 -36.185417
v 20.116116 -6.000000 -39.883884
v 25.642641 -7.000000 -43.642639
v 21.841162 -5.000000 -35.860741
v 20.375000 -6.000000 -40.082531
v -19.792593 -6.000000 -38.676476
v 21.841162 0.000000 -35.860741
v 20.676476 -6.000000 -40.207409
v -18.701902 0.000000 -41.298096
v -18.185417 -5.000000 -40.625000
v 21.000000 -5.000000 -35.750000
v -19.917469 -6.000000 -38.375000
v 21.000000 0.000000 -35.750000
v 20.158838 -5.000000 -35.860741
v 24.733421 -7.000000 -44.388817
v 20.158838 0.000000 -35.860741
v -18.185417 0.000000 -40.625000
v 19.375000 -5.000000 -36.185417
v -20.116116 -6.000000 -38.116116
v 19.375000 0.000000 -36.185417
v 23.696100 -7.000000 -44.943275
v 18.701902 -5.000000 -36.701904
v -20.375000 -6.000000 -37.917469
v -17.860741 -5.000000 -39.841164
v 18.701902 0.000000 -36.701904
v 25.400000 -5.250000 -43.400002
v 18.185417 -5.000000 -37.375000
v -20.676476 -6.000000 -37.792591
v 18.185417 0.000000 -37.375000
v 17.860741 -5.000000 -38.158836
v 22.570541 -7.000000 -45.284710
v 17.860741 0.000000 -38.158836
v -17.860741 0.000000 -39.841164
v 17.750000 -5.000000 -39.000000
v -21.400000 -7.000000 -45.400002
v -21.000000 -6.000000 -37.750000
v 17.750000 0.000000 -39.000000
v 17.860741 -5.000000 -39.841164
v -17.750000 -5.000000 -39.000000
v -21.323524 -6.000000 -37.792591
v 17.860741 0.000000 -39.841164
v -22.570541 -7.000000 -45.284710
v 18.185417 -5.000000 -40.625000
v -17.750000 0.000000 -39.000000
v 18.185417 0.000000 -40.625000
v -21.625000 -6.000000 -37.917469
v 18.701902 -5.000000 -41.298096
v -23.696100 -7.000000 -44.943275
v 18.701902 0.000000 -41.298096
v -17.860741 -5.000000 -38.158836
v 19.375000 -5.000000 -41.814583
v 19.375000 0.000000 -41.814583
v -21.883884 -6.000000 -38.116116
v -24.733421 -7.000000 -44.388817
v 20.158838 -5.000000 -42.139259
v 20.158838 0.000000 -42.139259
v -17.860741 0.000000 -38.158836
v -25.642641 -7.000000 -43.642639
v -22.082531 -6.000000 -38.375000
v -18.185417 -5.000000 -37.375000
v -22.207407 -6.000000 -38.676476
v -26.388817 -7.000000 -42.733421
v -18.185417 0.000000 -37.375000
v -22.250000 -6.000000 -39.000000
v -18.701902 -5.000000 -36.701904
v -26.943277 -7.000000 -41.696102
v -22.207407 -6.000000 -39.323524
v -18.701902 0.000000 -36.701904
v -27.284712 -7.000000 -40.570541
v -22.082531 -6.000000 -39.625000
v -27.400000 -7.000000 39.400002
v -19.375000 -5.000000 -36.185417
v -21.883884 -6.000000 -39.883884
v -27.284712 -7.000000 40.570541
v -19.375000 0.000000 -36.185417
v -26.943277 -7.000000 41.696102
v -21.625000 -6.000000 -40.082531
v -20.158838 -5.000000 -35.860741
v -21.323524 -6.000000 -40.207409
v -26.388817 -7.000000 42.733421
v -20.158838 0.000000 -35.860741
v -21.000000 -5.000000 -35.750000
v -25.642641 -7.000000 43.642639
v -21.000000 0.000000 -35.750000
v -24.733421 -7.000000 44.388817
v -23.696100 -7.000000 44.943275
v -21.841162 -5.000000 -35.860741
v -22.570541 -7.000000 45.284710
v -21.841162 0.000000 -35.860741
v 21.400000 -7.000000 45.400002
v -22.625000 -5.000000 -36.185417
v 22.570541 -7.000000 45.284710
v -22.625000 0.000000 -36.185417
v 23.696100 -7.000000 44.943275
v -23.298098 -5.000000 -36.701904
v 24.733421 -7.000000 44.388817
v -23.298098 0.000000 -36.701904
v 25.642641 -7.000000 43.642639
v -23.814583 -5.000000 -37.375000
v 26.388817 -7.000000 42.733421
v -23.814583 0.000000 -37.375000
v -24.139259 -5.000000 -38.158836
v 26.943277 -7.000000 41.696102
v -24.139259 0.000000 -38.158836
v 27.284712 -7.000000 40.570541
v -24.250000 -5.000000 -39.000000
v 27.400000 1.600000 -39.400002
v -24.250000 0.000000 -39.000000
v 27.284712 1.600000 -40.570541
v -24.139259 -5.000000 -39.841164
v 26.943277 1.600000 -41.696102
v -24.139259 0.000000 -39.841164
v 26.388817 1.600000 -42.733421
v 25.642641 1.600000 -43.642639
v -23.814583 -5.000000 -40.625000
v -23.814583 0.000000 -40.625000
v 24.733421 1.600000 -44.388817
v -23.298098 -5.000000 -41.298096
v 23.696100 1.600000 -44.943275
v -23.298098 0.000000 -41.298096
v 22.570541 1.600000 -45.284710
v -22.625000 -5.000000 -41.814583
v -21.400000 1.600000 -45.400002
v -22.625000 0.000000 -41.814583
v -22.570541 1.600000 -45.284710
v -23.696100 1.600000 -44.943275
v -21.841162 -5.000000 -42.139259
v -24.733421 1.600000 -44.388817
v -21.841162 0.000000 -42.139259
v -25.642641 1.600000 -43.642639
v -26.388817 1.600000 -42.733421
v -26.943277 1.600000 -41.696102
v -27.284712 1.600000 -40.570541
v -27.400000 1.600000 39.400002
v -27.284712 1.600000 40.570541
v -26.943277 1.600000 41.696102
v -26.388817 1.600000 42.733421
v -25.642641 1.600000 43.642639
v -24.733421 1.600000 44.388817
v -23.696100 1.600000 44.943275
v -22.570541 1.600000 45.284710
v 21.400000 1.600000 45.400002
v 22.570541 1.600000 45.284710
v 23.696100 1.600000 44.943275
v 24.733421 1.600000 44.388817
v 25.642641 1.600000 43.642639
v 26.388817 1.600000 42.733421
v 26.943277 1.600000 41.696102
v 27.284712 1.600000 40.570541
v 25.391209 1.600000 -43.400002
v 25.400000 1.600000 -43.400002
v -25.400000 1.600000 -43.400002
v -25.400000 1.600000 43.400002
v -25.391209 1.600000 43.400002
v 25.400000 1.600000 43.400002
v -22.250000 -5.250000 -39.000000
v -22.207407 -5.250000 -38.676476
v -22.207407 -5.250000 -39.323524
v -22.082531 -5.250000 -38.375000
v -22.082531 -5.250000 -39.625000
v -21.323524 -5.250000 -37.792591
v -21.323524 -5.250000 -40.207409
v -21.625000 -5.250000 -37.917469
v -21.625000 -5.250000 -40.082531
v -21.883884 -5.250000 -38.116116
v -21.883884 -5.250000 -39.883884
v -20.676476 -5.250000 -40.207409
v -20.375000 -5.250000 -37.917469
v -20.676476 -5.250000 -37.792591
v -20.375000 -5.250000 -40.082531
v -19.917469 -5.250000 -38.375000
v -19.917469 -5.250000 -39.625000
v -19.750000 -5.250000 -39.000000
v -19.792593 -5.250000 -38.676476
v -19.792593 -5.250000 -39.323524
v -20.116116 -5.250000 -38.116116
v -20.116116 -5.250000 -39.883884
v -21.000000 -5.250000 -37.750000
v -21.000000 -5.250000 -40.250000
v -22.250000 0.000000 -39.000000
v -22.207407 0.000000 -38.676476
v -22.207407 0.000000 -39.323524
v -22.082531 0.000000 -38.375000
v -22.082531 0.000000 -39.625000
v -21.883884 0.000000 -39.883884
v -21.323524 0.000000 -37.792591
v -21.323524 0.000000 -40.207409
v -21.625000 0.000000 -37.917469
v -21.625000 0.000000 -40.082531
v -21.883884 0.000000 -38.116116
v -20.375000 0.000000 -37.917469
v -20.375000 0.000000 -40.082531
v -20.676476 0.000000 -37.792591
v -20.676476 0.000000 -40.207409
v -19.917469 0.000000 -38.375000
v -19.750000 0.000000 -39.000000
v -19.792593 0.000000 -38.676476
v -19.792593 0.000000 -39.323524
v -19.917469 0.000000 -39.625000
v -20.116116 0.000000 -39.883884
v -20.116116 0.000000 -38.116116
v -21.000000 0.000000 -37.750000
v -21.000000 0.000000 -40.250000
v -22.250000 -5.000000 -39.000000
v -22.207407 -5.000000 -38.676476
v -22.082531 -5.000000 -39.625000
v -22.082531 -5.000000 -38.375000
v -22.207407 -5.000000 -39.323524
v -21.883884 -5.000000 -38.116116
v -21.323524 -5.000000 -37.792591
v -21.323524 -5.000000 -40.207409
v -21.625000 -5.000000 -37.917469
v -21.625000 -5.000000 -40.082531
v -21.883884 -5.000000 -39.883884
v -20.375000 -5.000000 -37.917469
v -20.375000 -5.000000 -40.082531
v -20.676476 -5.000000 -37.792591
v -20.676476 -5.000000 -40.207409
v -19.917469 -5.000000 -39.625000
v -19.750000 -5.000000 -39.000000
v -19.792593 -5.000000 -38.676476
v -19.792593 -5.000000 -39.323524
v -19.917469 -5.000000 -38.375000
v -20.116116 -5.000000 -39.883884
v -20.116116 -5.000000 -38.116116
v -21.000000 -5.000000 -37.750000
v -21.000000 -5.000000 -40.250000
v 19.750000 -5.250000 -39.000000
v 19.792593 -5.250000 -38.676476
v 19.792593 -5.250000 -39.323524
v 19.917469 -5.250000 -38.375000
v 19.917469 -5.250000 -39.625000
v 20.676476 -5.250000 -37.792591
v 20.676476 -5.250000 -40.207409
v 20.375000 -5.250000 -37.917469
v 20.375000 -5.250000 -40.082531
v 20.116116 -5.250000 -38.116116
v 20.116116 -5.250000 -39.883884
v 21.323524 -5.250000 -40.207409
v 21.625000 -5.250000 -37.917469
v 21.323524 -5.250000 -37.792591
v 21.625000 -5.250000 -40.082531
v 22.082531 -5.250000 -38.375000
v 22.082531 -5.250000 -39.625000
v 22.250000 -5.250000 -39.000000
v 22.207407 -5.250000 -38.676476
v 22.207407 -5.250000 -39.323524
v 21.883884 -5.250000 -38.116116
v 21.883884 -5.250000 -39.883884
v 21.000000 -5.250000 -40.250000
v 21.000000 -5.250000 -37.750000
v 19.750000 0.000000 -39.000000
v 19.792593 0.000000 -38.676476
v 19.792593 0.000000 -39.323524
v 19.917469 0.000000 -38.375000
v 19.917469 0.000000 -39.625000
v 20.116116 0.000000 -39.883884
v 20.676476 0.000000 -37.792591
v 20.676476 0.000000 -40.207409
v 20.375000 0.000000 -37.917469
v 20.375000 0.000000 -40.082531
v 20.116116 0.000000 -38.116116
v 21.625000 0.000000 -37.917469
v 21.625000 0.000000 -40.082531
v 21.323524 0.000000 -37.792591
v 21.323524 0.000000 -40.207409
v 22.082531 0.000000 -38.375000
v 22.250000 0.000000 -39.000000
v 22.207407 0.000000 -38.676476
v 22.207407 0.000000 -39.323524
v 22.082531 0.000000 -39.625000
v 21.883884 0.000000 -39.883884
v 21.883884 0.000000 -38.116116
v 21.000000 0.000000 -37.750000
v 21.000000 0.000000 -40.250000
v 19.750000 -5.000000 -39.000000
v 19.792593 -5.000000 -38.676476
v 19.917469 -5.000000 -39.625000
v 19.917469 -5.000000 -38.375000
v 19.792593 -5.000000 -39.323524
v 20.116116 -5.000000 -38.116116
v 20.676476 -5.000000 -37.792591
v 20.676476 -5.000000 -40.207409
v 20.375000 -5.000000 -37.917469
v 20.375000 -5.000000 -40.082531
v 20.116116 -5.000000 -39.883884
v 21.625000 -5.000000 -37.917469
v 21.625000 -5.000000 -40.082531
v 21.323524 -5.000000 -37.792591
v 21.323524 -5.000000 -40.207409
v 22.082531 -5.000000 -39.625000
v 22.250000 -5.000000 -39.000000
v 22.207407 -5.000000 -38.676476
v 22.207407 -5.000000 -39.323524
v 22.082531 -5.000000 -38.375000
v 21.883884 -5.000000 -39.883884
v 21.883884 -5.000000 -38.116116
v 21.000000 -5.000000 -37.750000
v 21.000000 -5.000000 -40.250000
v -22.207407 -5.250000 39.323524
v -22.250000 -5.250000 39.000000
v -22.082531 -5.250000 38.375000
v -22.082531 -5.250000 39.625000
v -22.207407 -5.250000 38.676476
v -21.883884 -5.250000 39.883884
v -21.323524 -5.250000 40.207409
v -21.323524 -5.250000 37.792591
v -21.625000 -5.250000 40.082531
v -21.625000 -5.250000 37.917469
v -21.883884 -5.250000 38.116116
v -20.375000 -5.250000 40.082531
v -20.375000 -5.250000 37.917469
v -20.676476 -5.250000 40.207409
v -20.676476 -5.250000 37.792591
v -19.917469 -5.250000 38.375000
v -19.750000 -5.250000 39.000000
v -19.792593 -5.250000 39.323524
v -19.792593 -5.250000 38.676476
v -19.917469 -5.250000 39.625000
v -20.116116 -5.250000 38.116116
v -20.116116 -5.250000 39.883884
v -21.000000 -5.250000 40.250000
v -21.000000 -5.250000 37.750000
v -22.250000 0.000000 39.000000
v -22.207407 0.000000 39.323524
v -22.207407 0.000000 38.676476
v -22.082531 0.000000 39.625000
v -22.082531 0.000000 38.375000
v -21.883884 0.000000 38.116116
v -21.323524 0.000000 40.207409
v -21.323524 0.000000 37.792591
v -21.625000 0.000000 40.082531
v -21.625000 0.000000 37.917469
v -21.883884 0.000000 39.883884
v -20.375000 0.000000 40.082531
v -20.375000 0.000000 37.917469
v -20.676476 0.000000 40.207409
v -20.676476 0.000000 37.792591
v -19.917469 0.000000 39.625000
v -19.750000 0.000000 39.000000
v -19.792593 0.000000 39.323524
v -19.792593 0.000000 38.676476
v -19.917469 0.000000 38.375000
v -20.116116 0.000000 38.116116
v -20.116116 0.000000 39.883884
v -21.000000 0.000000 40.250000
v -21.000000 0.000000 37.750000
v -22.250000 -5.000000 39.000000
v -22.207407 -5.000000 39.323524
v -22.082531 -5.000000 38.375000
v -22.082531 -5.000000 39.625000
v -22.207407 -5.000000 38.676476
v -21.883884 -5.000000 39.883884
v -21.323524 -5.000000 40.207409
v -21.323524 -5.000000 37.792591
v -21.625000 -5.000000 40.082531
v -21.625000 -5.000000 37.917469
v -21.883884 -5.000000 38.116116
v -20.375000 -5.000000 40.082531
v -20.375000 -5.000000 37.917469
v -20.676476 -5.000000 40.207409
v -20.676476 -5.000000 37.792591
v -19.917469 -5.000000 38.375000
v -19.750000 -5.000000 39.000000
v -19.792593 -5.000000 39.323524
v -19.792593 -5.000000 38.676476
v -19.917469 -5.000000 39.625000
v -20.116116 -5.000000 38.116116
v -20.116116 -5.000000 39.883884
v -21.000000 -5.000000 40.250000
v -21.000000 -5.000000 37.750000
v 19.750000 -5.250000 39.000000
v 19.792593 -5.250000 39.323524
v 19.792593 -5.250000 38.676476
v 19.917469 -5.250000 39.625000
v 19.917469 -5.250000 38.375000
v 20.676476 -5.250000 40.207409
v 20.676476 -5.250000 37.792591
v 20.375000 -5.250000 40.082531
v 20.375000 -5.250000 37.917469
v 20.116116 -5.250000 39.883884
v 20.116116 -5.250000 38.116116
v 21.323524 -5.250000 37.792591
v 21.625000 -5.250000 40.082531
v 21.323524 -5.250000 40.207409
v 21.625000 -5.250000 37.917469
v 22.082531 -5.250000 39.625000
v 22.082531 -5.250000 38.375000
v 22.250000 -5.250000 39.000000
v 22.207407 -5.250000 39.323524
v 22.207407 -5.250000 38.676476
v 21.883884 -5.250000 39.883884
v 21.883884 -5.250000 38.116116
v 21.000000 -5.250000 37.750000
v 21.000000 -5.250000 40.250000
v 19.750000 0.000000 39.000000
v 19.792593 0.000000 39.323524
v 19.792593 0.000000 38.676476
v 19.917469 0.000000 39.625000
v 19.917469 0.000000 38.375000
v 20.116116 0.000000 38.116116
v 20.676476 0.000000 40.207409
v 20.676476 0.000000 37.792591
v 20.375000 0.000000 40.082531
v 20.375000 0.000000 37.917469
v 20.116116 0.000000 39.883884
v 21.625000 0.000000 40.082531
v 21.625000 0.000000 37.917469
v 21.323524 0.000000 40.207409
v 21.323524 0.000000 37.792591
v 22.082531 0.000000 39.625000
v 22.250000 0.000000 39.000000
v 22.207407 0.000000 39.323524
v 22.207407 0.000000 38.676476
v 22.082531 0.000000 38.375000
v 21.883884 0.000000 38.116116
v 21.883884 0.000000 39.883884
v 21.000000 0.000000 40.250000
v 21.000000 0.000000 37.750000
v 19.750000 -5.000000 39.000000
v 19.792593 -5.000000 39.323524
v 19.917469 -5.000000 38.375000
v 19.917469 -5.000000 39.625000
v 19.792593 -5.000000 38.676476
v 20.116116 -5.000000 39.883884
v 20.676476 -5.000000 40.207409
v 20.676476 -5.000000 37.792591
v 20.375000 -5.000000 40.082531
v 20.375000 -5.000000 37.917469
v 20.116116 -5.000000 38.116116
v 21.625000 -5.000000 40.082531
v 21.625000 -5.000000 37.917469
v 21.323524 -5.000000 40.207409
v 21.323524 -5.000000 37.792591
v 22.082531 -5.000000 38.375000
v 22.250000 -5.000000 39.000000
v 22.207407 -5.000000 39.323524
v 22.207407 -5.000000 38.676476
v 22.082531 -5.000000 39.625000
v 21.883884 -5.000000 38.116116
v 21.883884 -5.000000 39.883884
v 21.000000 -5.000000 40.250000
v 21.000000 -5.000000 37.750000
v -6.250000 -4.550000 45.327503
v 6.250000 -4.550000 45.360279
v -6.250000 0.950000 45.327503
v 6.250000 0.950000 45.360279
v -6.250000 0.950000 43.400002
v 6.250000 0.950000 43.400002
v -6.250000 -4.550000 43.400002
v 6.250000 -4.550000 43.400002
v 27.343517 -2.800000 -0.220000
v 27.365862 -2.800000 -15.719999
v 27.343517 1.000000 -0.220000
v 27.365862 1.000000 -15.719999
v 25.400000 -2.800000 -0.220000
v 25.400000 -2.800000 -15.719999
v 25.400000 1.000000 -15.719999
v 25.400000 1.000000 -0.220000
v 27.348057 1.600000 -3.369829
v 27.361313 1.600000 -12.564680
v 25.400000 1.600000 -2.983165
v 25.500000 1.600000 -2.970000
v 25.500000 1.600000 -12.969999
v 25.400000 1.600000 -12.956834
v 26.794096 1.600000 -12.799629
v 26.794096 1.600000 -3.140371
v 27.348059 1.000000 -3.369830
v 27.361313 1.000000 -12.564680
v 27.348057 -4.000000 -3.369829
v 27.361313 -4.000000 -12.564680
v 27.361313 -2.800000 -12.564680
v 27.348059 -2.800000 -3.369830
v 25.400000 -4.000000 -2.983165
v 25.400000 -4.000000 -12.956834
v 25.400000 1.000000 -12.956834
v 25.400000 1.000000 -2.983165
v 25.400000 -2.800000 -12.956834
v 25.400000 -2.800000 -2.983165
v 26.794096 -2.800000 -12.799629
v 25.500000 -2.800000 -2.970000
v 25.500000 -2.800000 -12.969999
v 26.794096 -2.800000 -3.140371
v 26.794096 1.000000 -12.799629
v 25.500000 1.000000 -2.970000
v 26.794096 1.000000 -3.140371
v 25.500000 1.000000 -12.969999
v -13.105482 -7.000000 40.154114
v -13.160001 -7.000000 39.740002
v -12.945641 -7.000000 38.940002
v -12.945641 -7.000000 40.540001
v -13.105482 -7.000000 39.325890
v -12.691371 -7.000000 40.871372
v -11.974111 -7.000000 41.285484
v -11.974111 -7.000000 38.194519
v -12.360001 -7.000000 41.125641
v -12.360001 -7.000000 38.354362
v -12.691371 -7.000000 38.608631
v -10.760000 -7.000000 41.125641
v -10.760000 -7.000000 38.354362
v -11.145890 -7.000000 41.285484
v -11.145890 -7.000000 38.194519
v -10.174360 -7.000000 38.940002
v -9.960000 -7.000000 39.740002
v -10.014519 -7.000000 40.154114
v -10.014519 -7.000000 39.325890
v -10.174360 -7.000000 40.540001
v -10.428630 -7.000000 38.608631
v -10.428630 -7.000000 40.871372
v -11.560000 -7.000000 41.340000
v -11.560000 -7.000000 38.140003
v -12.787408 -5.250000 38.733791
v -10.317084 -5.250000 38.754002
v -13.147290 -5.250000 39.643456
v -9.960000 -5.250000 39.740002
v -9.987824 -5.250000 39.951351
v -10.174360 -5.250000 38.940002
v -13.105482 -5.250000 39.325890
v -12.945641 -5.250000 38.940002
v -10.014519 -5.250000 39.325890
v -12.691371 -5.250000 38.608631
v -10.428630 -5.250000 38.608631
v -11.974111 -5.250000 38.194519
v -12.360001 -5.250000 38.354362
v -10.760000 -5.250000 38.354362
v -11.145890 -5.250000 38.194519
v -11.560000 -5.250000 38.140003
v -13.160001 -5.250000 39.740002
v -10.014519 -5.250000 40.154114
v -13.105482 -5.250000 40.154114
v -10.174360 -5.250000 40.540001
v -12.945641 -5.250000 40.540001
v -12.691371 -5.250000 40.871372
v -12.360001 -5.250000 41.125641
v -11.974111 -5.250000 41.285484
v -11.560000 -5.250000 41.340000
v -10.760000 -5.250000 41.125641
v -11.145890 -5.250000 41.285484
v -10.428630 -5.250000 40.871372
v 10.037702 -7.000000 40.185940
v 10.184359 -7.000000 40.540001
v 12.701370 -7.000000 40.871372
v 13.074250 -7.000000 40.253654
v 12.955641 -7.000000 40.540001
v 10.438629 -7.000000 40.871372
v 10.770000 -7.000000 41.125641
v 12.370000 -7.000000 41.125641
v 11.155890 -7.000000 41.285484
v 11.570000 -7.000000 41.340000
v 11.984110 -7.000000 41.285484
v 9.969999 -7.000000 39.740002
v 10.024518 -7.000000 40.154114
v 10.024518 -7.000000 39.325890
v 10.438629 -7.000000 38.608631
v 11.155890 -7.000000 38.194519
v 10.770000 -7.000000 38.354362
v 10.184359 -7.000000 38.940002
v 11.984110 -7.000000 38.194519
v 12.955641 -7.000000 38.940002
v 12.701370 -7.000000 38.608631
v 12.370000 -7.000000 38.354362
v 13.170000 -7.000000 39.740002
v 13.115481 -7.000000 40.154114
v 13.115481 -7.000000 39.325890
v 11.570000 -7.000000 38.140003
v 10.184359 -5.250000 38.940002
v 12.957473 -5.250000 38.944427
v 10.198287 -5.250000 38.921852
v 10.024518 -5.250000 39.325890
v 13.115481 -5.250000 39.325890
v 10.184359 -5.250000 40.540001
v 10.024518 -5.250000 40.154114
v 11.155890 -5.250000 41.285484
v 10.770000 -5.250000 41.125641
v 10.438629 -5.250000 40.871372
v 11.984110 -5.250000 41.285484
v 12.701370 -5.250000 40.871372
v 12.370000 -5.250000 41.125641
v 12.955641 -5.250000 40.540001
v 13.115481 -5.250000 40.154114
v 11.570000 -5.250000 41.340000
v 9.969999 -5.250000 39.740002
v 13.170000 -5.250000 39.740002
v 12.955641 -5.250000 38.940002
v 10.438629 -5.250000 38.608631
v 11.155890 -5.250000 38.194519
v 10.770000 -5.250000 38.354362
v 11.984110 -5.250000 38.194519
v 12.701370 -5.250000 38.608631
v 12.370000 -5.250000 38.354362
v 11.570000 -5.250000 38.140003
vn -0.0000 -1.0000 -0.0000
vn -0.0000 1.0000 -0.0000
vn -0.2903 -0.0000 -0.9569
vn -0.0026 -0.0000 1.0000
vn -0.4714 -0.0000 -0.8819
vn 0.0980 -0.0000 0.9952
vn -0.6344 -0.0000 -0.7730
vn 0.2903 -0.0000 0.9569
vn -0.7730 -0.0000 -0.6344
vn 1.0000 -0.0000 0.0014
vn 0.4714 -0.0000 0.8819
vn -0.8819 -0.0000 -0.4714
vn 0.9952 -0.0000 -0.0980
vn 0.6344 -0.0000 0.7730
vn -0.9569 -0.0000 -0.2903
vn 0.9569 -0.0000 -0.2903
vn 0.7730 -0.0000 0.6344
vn -1.0000 -0.0000 -0.0014
vn 0.8819 -0.0000 -0.4714
vn 0.8819 -0.0000 0.4714
vn -0.9952 -0.0000 0.0980
vn 0.7730 -0.0000 -0.6344
vn 0.9569 -0.0000 0.2903
vn -0.9569 -0.0000 0.2903
vn 0.6344 -0.0000 -0.7730
vn -0.8819 -0.0000 0.4714
vn 0.4714 -0.0000 -0.8819
vn -0.7730 -0.0000 0.6344
vn 0.2903 -0.0000 -0.9569
vn -0.6344 -0.0000 0.7730
vn 0.0026 -0.0000 -1.0000
vn -0.4714 -0.0000 0.8819
vn -0.0980 -0.0000 -0.9952
vn -0.2903 -0.0000 0.9569
vn 1.0000 -0.0000 -0.0000
vn -0.0000 -0.0000 1.0000
vn -1.0000 -0.0000 -0.0000
vn -0.0000 -0.0000 -1.0000
vn 0.1305 -0.0000 -0.9914
vn 0.3827 -0.0000 -0.9239
vn 0.6088 -0.0000 -0.7934
vn 0.7934 -0.0000 -0.6088
vn 0.9239 -0.0000 -0.3827
vn 0.9914 -0.0000 -0.1305
vn 0.9914 -0.0000 0.1305
vn 0.9239 -0.0000 0.3827
vn 0.7934 -0.0000 0.6088
vn 0.6088 -0.0000 0.7934
vn 0.3827 -0.0000 0.9239
vn 0.1305 -0.0000 0.9914
vn -0.1305 -0.0000 0.9914
vn -0.3827 -0.0000 0.9239
vn -0.6088 -0.0000 0.7934
vn -0.7934 -0.0000 0.6088
vn -0.9239 -0.0000 0.3827
vn -0.9914 -0.0000 0.1305
vn -0.9914 -0.0000 -0.1305
vn -0.9239 -0.0000 -0.3827
vn -0.7934 -0.0000 -0.6088
vn -0.6088 -0.0000 -0.7934
vn -0.3827 -0.0000 -0.9239
vn -0.1305 -0.0000 -0.9914
vt 0.000000 0.000000
vt 0.603333 0.000000
vt 0.375000 0.000000
vt 0.375000 0.250000
vt 0.603333 0.250000
vt 0.603333 0.499957
vt 0.375000 0.500000
vt 0.603333 0.500000
vt 0.583333 0.579723
vt 0.583333 0.587682
vt 0.603333 0.587682
vt 0.456667 0.587682
vt 0.456667 0.579723
vt 0.375000 0.750000
vt 0.603333 0.750000
vt 0.603333 0.616408
vt 0.583333 0.616408
vt 0.583333 0.624366
vt 0.456667 0.624366
vt 0.456667 0.616408
vt 0.416667 0.616408
vt 0.416667 0.587682
vt 0.581667 0.905758
vt 0.603333 0.999957
vt 0.581667 0.844242
vt 0.398333 0.844242
vt 0.375000 1.000000
vt 0.603333 1.000000
vt 0.398333 0.905758
vt 0.187070 0.736560
vt 0.152595 0.736395
vt 0.152805 0.737327
vt 0.185299 0.739180
vt 0.185504 0.738266
vt 0.186291 0.737154
vt 0.199227 0.736619
vt 0.199929 0.737154
vt 0.200716 0.738266
vt 0.200984 0.739458
vt 0.200847 0.740067
vt 0.357696 0.739873
vt 0.356422 0.740445
vt 0.354939 0.740805
vt 0.353346 0.740928
vt 0.351754 0.740805
vt 0.350271 0.740445
vt 0.348996 0.739873
vt 0.348019 0.739127
vt 0.347405 0.738259
vt 0.347195 0.737328
vt 0.313767 0.737167
vt 0.314545 0.738266
vt 0.314813 0.739459
vt 0.314545 0.740651
vt 0.313758 0.741763
vt 0.312507 0.742717
vt 0.310876 0.743449
vt 0.308977 0.743910
vt 0.306939 0.744067
vt 0.304901 0.743910
vt 0.303002 0.743449
vt 0.301371 0.742717
vt 0.300120 0.741763
vt 0.299333 0.740651
vt 0.299065 0.739459
vt 0.299333 0.738266
vt 0.300120 0.737155
vt 0.300188 0.737102
vt 0.141326 0.510873
vt 0.142304 0.510127
vt 0.125000 0.500000
vt 0.125000 0.750000
vt 0.142304 0.739873
vt 0.141326 0.739127
vt 0.140712 0.738259
vt 0.140502 0.737327
vt 0.140712 0.736395
vt 0.141326 0.735527
vt 0.142304 0.734781
vt 0.143578 0.734209
vt 0.145061 0.733850
vt 0.146654 0.733727
vt 0.148246 0.733850
vt 0.149729 0.734209
vt 0.151003 0.734782
vt 0.151981 0.735527
vt 0.187542 0.736200
vt 0.189173 0.735468
vt 0.191072 0.735007
vt 0.193110 0.734850
vt 0.195148 0.735007
vt 0.197047 0.735467
vt 0.198678 0.736200
vt 0.301371 0.736200
vt 0.303002 0.735468
vt 0.304901 0.735007
vt 0.306939 0.734851
vt 0.308977 0.735007
vt 0.310876 0.735468
vt 0.312507 0.736200
vt 0.313758 0.737154
vt 0.347405 0.736396
vt 0.348019 0.735527
vt 0.348997 0.734782
vt 0.350271 0.734209
vt 0.351754 0.733850
vt 0.353346 0.733727
vt 0.354939 0.733850
vt 0.356422 0.734209
vt 0.357696 0.734782
vt 0.358674 0.735527
vt 0.359288 0.736395
vt 0.359498 0.737327
vt 0.359288 0.738259
vt 0.358674 0.739127
vt 0.357696 0.510127
vt 0.358674 0.510873
vt 0.359288 0.511741
vt 0.359498 0.512673
vt 0.359288 0.513605
vt 0.358674 0.514473
vt 0.357696 0.515219
vt 0.356422 0.515791
vt 0.354939 0.516150
vt 0.353346 0.516273
vt 0.351754 0.516150
vt 0.350271 0.515791
vt 0.348997 0.515219
vt 0.348019 0.514473
vt 0.347405 0.513605
vt 0.347195 0.512673
vt 0.152805 0.512673
vt 0.152596 0.513605
vt 0.151981 0.514473
vt 0.151003 0.515219
vt 0.149729 0.515791
vt 0.148246 0.516150
vt 0.146654 0.516273
vt 0.145061 0.516150
vt 0.143578 0.515791
vt 0.142304 0.515219
vt 0.141326 0.514473
vt 0.140712 0.513605
vt 0.140502 0.512673
vt 0.140712 0.511741
vt 0.143578 0.740445
vt 0.200716 0.740651
vt 0.199929 0.741763
vt 0.198678 0.742717
vt 0.197047 0.743449
vt 0.195148 0.743910
vt 0.193110 0.744067
vt 0.191072 0.743910
vt 0.189173 0.743449
vt 0.187542 0.742717
vt 0.186291 0.741763
vt 0.185504 0.740651
vt 0.185236 0.739458
vt 0.152596 0.738259
vt 0.151981 0.739127
vt 0.151003 0.739873
vt 0.149729 0.740445
vt 0.148246 0.740805
vt 0.146654 0.740927
vt 0.145061 0.740805
vt 0.356422 0.509555
vt 0.347405 0.511741
vt 0.348019 0.510873
vt 0.348997 0.510127
vt 0.350271 0.509555
vt 0.351754 0.509195
vt 0.353346 0.509073
vt 0.354939 0.509195
vt 0.152596 0.511741
vt 0.143578 0.509555
vt 0.145061 0.509195
vt 0.146654 0.509073
vt 0.148246 0.509195
vt 0.149729 0.509555
vt 0.151003 0.510127
vt 0.151981 0.510873
vt 1.000000 0.500000
vt 1.000000 1.000000
vt 0.958333 1.000000
vt 0.958333 0.500000
vt 0.916667 1.000000
vt 0.916667 0.500000
vt 0.875000 1.000000
vt 0.875000 0.500000
vt 0.833333 1.000000
vt 0.833333 0.500000
vt 0.791667 1.000000
vt 0.791667 0.500000
vt 0.750000 1.000000
vt 0.750000 0.500000
vt 0.708333 1.000000
vt 0.708333 0.500000
vt 0.666667 1.000000
vt 0.666667 0.500000
vt 0.625000 1.000000
vt 0.625000 0.500000
vt 0.583333 1.000000
vt 0.583333 0.500000
vt 0.541666 1.000000
vt 0.541666 0.500000
vt 0.500000 1.000000
vt 0.500000 0.500000
vt 0.458333 1.000000
vt 0.458333 0.500000
vt 0.416666 1.000000
vt 0.416666 0.500000
vt 0.375000 1.000000
vt 0.375000 0.500000
vt 0.333333 1.000000
vt 0.333333 0.500000
vt 0.291667 1.000000
vt 0.291667 0.500000
vt 0.250000 1.000000
vt 0.250000 0.500000
vt 0.208333 1.000000
vt 0.208333 0.500000
vt 0.166666 1.000000
vt 0.166666 0.500000
vt 0.125000 1.000000
vt 0.125000 0.500000
vt 0.083333 1.000000
vt 0.083333 0.500000
vt 0.010000 0.250000
vt 0.018178 0.187883
vt 0.042154 0.130000
vt 0.080294 0.080294
vt 0.184729 0.184729
vt 0.170059 0.203846
vt 0.160838 0.226109
vt 0.157692 0.250000
vt 0.160838 0.273891
vt 0.170059 0.296154
vt 0.184729 0.315271
vt 0.203846 0.329941
vt 0.226109 0.339162
vt 0.187883 0.481822
vt 0.130000 0.457846
vt 0.080294 0.419706
vt 0.042154 0.370000
vt 0.018178 0.312117
vt 0.370000 0.457846
vt 0.312117 0.481822
vt 0.250000 0.490000
vt 0.250000 0.342308
vt 0.273891 0.339162
vt 0.296154 0.329941
vt 0.315271 0.315271
vt 0.329941 0.296154
vt 0.339162 0.273891
vt 0.342308 0.250000
vt 0.339162 0.226109
vt 0.329941 0.203846
vt 0.315271 0.184729
vt 0.296154 0.170059
vt 0.273891 0.160838
vt 0.250000 0.157692
vt 0.226109 0.160837
vt 0.203846 0.170059
vt 0.130000 0.042154
vt 0.187883 0.018178
vt 0.250000 0.010000
vt 0.312117 0.018178
vt 0.370000 0.042154
vt 0.419706 0.080294
vt 0.457846 0.130000
vt 0.481822 0.187883
vt 0.490000 0.250000
vt 0.481822 0.312117
vt 0.457846 0.370000
vt 0.419706 0.419706
vt 0.041666 1.000000
vt 0.041666 0.500000
vt -0.000000 1.000000
vt -0.000000 0.500000
vt 0.687883 0.481822
vt 0.750000 0.490000
vt 0.812117 0.481822
vt 0.870000 0.457846
vt 0.919706 0.419706
vt 0.957846 0.370000
vt 0.981822 0.312117
vt 0.990000 0.250000
vt 0.842308 0.250000
vt 0.839162 0.273891
vt 0.829941 0.296154
vt 0.815271 0.315271
vt 0.796154 0.329941
vt 0.773891 0.339162
vt 0.750000 0.342308
vt 0.726109 0.339162
vt 0.703846 0.329941
vt 0.684728 0.315271
vt 0.670059 0.296154
vt 0.660838 0.273891
vt 0.657692 0.250000
vt 0.660838 0.226109
vt 0.670059 0.203846
vt 0.684729 0.184729
vt 0.703846 0.170059
vt 0.630000 0.042154
vt 0.580294 0.080294
vt 0.542154 0.130000
vt 0.518178 0.187883
vt 0.510000 0.250000
vt 0.518178 0.312117
vt 0.542154 0.370000
vt 0.580294 0.419706
vt 0.630000 0.457846
vt 0.839162 0.226109
vt 0.981822 0.187883
vt 0.957846 0.130000
vt 0.919706 0.080294
vt 0.870000 0.042154
vt 0.812117 0.018178
vt 0.750000 0.010000
vt 0.687883 0.018178
vt 0.726109 0.160837
vt 0.750000 0.157692
vt 0.773891 0.160837
vt 0.796154 0.170059
vt 0.815272 0.184729
vt 0.829941 0.203846
vt 1.000000 0.550000
vt 0.958333 0.550000
vt 0.958333 0.566667
vt 0.958333 0.900000
vt 1.000000 0.900000
vt 1.000000 0.566667
vt 0.916667 0.550000
vt 0.916667 0.566667
vt 0.916667 0.900000
vt 0.875000 0.550000
vt 0.875000 0.566667
vt 0.875000 0.900000
vt 0.833333 0.550000
vt 0.833333 0.900000
vt 0.833333 0.566667
vt 0.791667 0.550000
vt 0.791667 0.900000
vt 0.791667 0.566667
vt 0.750000 0.550000
vt 0.750000 0.900000
vt 0.750000 0.566667
vt 0.708333 0.550000
vt 0.708333 0.900000
vt 0.708333 0.566667
vt 0.666667 0.550000
vt 0.666667 0.900000
vt 0.666667 0.566667
vt 0.625000 0.550000
vt 0.625000 0.900000
vt 0.625000 0.566667
vt 0.583333 0.550000
vt 0.583333 0.900000
vt 0.583333 0.566667
vt 0.541666 0.550000
vt 0.541666 0.900000
vt 0.541666 0.566667
vt 0.500000 0.550000
vt 0.500000 0.900000
vt 0.500000 0.566667
vt 0.458333 0.550000
vt 0.458333 0.900000
vt 0.458333 0.566667
vt 0.416666 0.550000
vt 0.416666 0.900000
vt 0.416666 0.566667
vt 0.375000 0.550000
vt 0.375000 0.900000
vt 0.375000 0.566667
vt 0.333333 0.550000
vt 0.333333 0.566667
vt 0.333333 0.900000
vt 0.291666 0.550000
vt 0.291667 0.566667
vt 0.291667 0.900000
vt 0.250000 0.550000
vt 0.250000 0.566667
vt 0.250000 0.900000
vt 0.208333 0.550000
vt 0.208333 0.566667
vt 0.208333 0.900000
vt 0.166666 0.550000
vt 0.166667 0.566667
vt 0.166666 0.900000
vt 0.125000 0.550000
vt 0.125000 0.566667
vt 0.125000 0.900000
vt 0.083333 0.550000
vt 0.083333 0.566667
vt 0.083333 0.900000
vt 0.041666 0.550000
vt 0.041666 0.566667
vt 0.041666 0.900000
vt -0.000000 0.550000
vt -0.000000 0.566667
vt -0.000000 0.900000
vt 0.870000 0.042154
vt 0.919706 0.080294
vt 0.981822 0.187883
vt 0.518178 0.187883
vt 0.580294 0.080294
vt 0.630000 0.042154
vt 0.750000 0.010000
vt 0.875000 0.550000
vt 0.750000 0.550000
vt 0.250000 0.550000
vt 0.125000 0.550000
vt 0.375000 0.550000
vt 0.625000 0.550000
vt 0.625000 0.143750
vt 0.625000 0.083516
vt 0.375000 0.083516
vt 0.375000 0.143750
vt 0.375000 0.606250
vt 0.375000 0.667509
vt 0.625000 0.667509
vt 0.625000 0.606250
vt 0.125000 0.606250
vt 0.125000 0.666484
vt 0.875000 0.666484
vt 0.875000 0.606250
vt 0.375000 0.417683
vt 0.625000 0.417683
vt 0.625000 0.356250
vt 0.375000 0.356250
vt 0.625000 0.893750
vt 0.625000 0.833015
vt 0.375000 0.833015
vt 0.375000 0.893750
vt 0.274816 0.547103
vt 0.292541 0.550892
vt 0.292683 0.500000
vt 0.231250 0.500000
vt 0.231250 0.544567
vt 0.234375 0.544355
vt 0.234375 0.705645
vt 0.231250 0.705433
vt 0.231250 0.750000
vt 0.291985 0.750000
vt 0.292127 0.699196
vt 0.274815 0.702897
vt 0.725185 0.702897
vt 0.707873 0.699196
vt 0.708015 0.750000
vt 0.768750 0.750000
vt 0.768750 0.705433
vt 0.765625 0.705645
vt 0.765625 0.544355
vt 0.768750 0.544567
vt 0.768750 0.500000
vt 0.707317 0.500000
vt 0.707459 0.550892
vt 0.725185 0.547103
vt 1.000000 0.585714
vt 0.958333 0.585714
vt 0.958333 0.857143
vt 0.958333 0.900000
vt 1.000000 0.900000
vt 1.000000 0.857143
vt 0.938735 0.900000
vt 0.938735 0.857143
vt 0.938735 0.500000
vt 0.938735 0.585714
vt 0.560807 0.900000
vt 0.560807 0.857143
vt 0.541666 0.857143
vt 0.541666 0.900000
vt 0.560807 0.500000
vt 0.541666 0.585714
vt 0.560807 0.585714
vt 0.500000 0.585714
vt 0.500000 0.900000
vt 0.500000 0.857143
vt 0.496780 0.500000
vt 0.496780 0.585714
vt 0.496780 0.900000
vt 0.496780 0.857143
vt 0.003220 0.585714
vt 0.003220 0.500000
vt -0.000000 0.585714
vt -0.000000 0.857143
vt 0.003220 0.900000
vt 0.003220 0.857143
vt 0.838707 0.029192
vt 0.839343 0.470545
vt 0.745200 0.489368
vt 0.745200 0.010632
vt 1.000000 0.708333
vt 1.000000 0.611111
vt 0.958333 0.611111
vt 0.958333 0.708333
vt 0.916667 0.611111
vt 0.916667 0.708333
vt 0.875000 0.611111
vt 0.875000 0.708333
vt 0.833333 0.611111
vt 0.833333 0.708333
vt 0.856721 0.708333
vt 0.791667 0.611111
vt 0.791667 0.708333
vt 0.750000 0.611111
vt 0.750000 0.708333
vt 0.708333 0.611111
vt 0.708333 0.708333
vt 0.728735 0.708333
vt 0.666667 0.611111
vt 0.666667 0.708333
vt 0.625000 0.611111
vt 0.625000 0.708333
vt 0.583333 0.611111
vt 0.583333 0.708333
vt 0.541666 0.611111
vt 0.541666 0.708333
vt 0.500000 0.611111
vt 0.500000 0.708333
vt 0.458333 0.611111
vt 0.458333 0.708333
vt 0.416667 0.611111
vt 0.416667 0.708333
vt 0.375000 0.611111
vt 0.375000 0.708333
vt 0.333333 0.611111
vt 0.333333 0.708333
vt 0.291667 0.611111
vt 0.291667 0.708333
vt 0.250000 0.611111
vt 0.250000 0.708333
vt 0.240286 0.708333
vt 0.208333 0.611111
vt 0.208333 0.708333
vt 0.166666 0.611111
vt 0.166666 0.708333
vt 0.140737 0.708333
vt 0.125000 0.611111
vt 0.125000 0.708333
vt 0.083333 0.611111
vt 0.083333 0.708333
vt 0.041666 0.611111
vt 0.041666 0.708333
vt -0.000000 0.611111
vt -0.000000 0.708333
vt 0.832855 0.708333
vt 0.697585 0.611111
vt 0.295103 0.611111
vt 0.164384 0.708333
s 0
usemtl Mat_Case_MatteDark
f 660/92/106 657/92/106 655/92/106 653/92/106 651/92/106 649/92/106 647/92/106 645/92/106 1048/92/106 1050/92/106 1053/92/106 1051/92/106 1067/92/106 1058/92/106 1056/92/106 1066/92/106 1064/92/106 1062/92/106 1061/92/106 1097/92/106 1098/92/106 1102/92/106 1103/92/106 1105/92/106 1106/92/106 1107/92/106 1104/92/106 1099/92/106 1101/92/106 1100/92/106 662/92/106
f 560/92/106 547/92/106 501/92/106 488/92/106 398/92/106 662/92/106 1100/92/106 1120/92/106 1119/92/106 1121/92/106 1116/92/106 1117/92/106 1118/92/106 1115/92/106 1122/92/106 1112/92/106 1113/92/106 1111/92/106 1114/92/106 1110/92/106 1108/92/106 1109/92/106 1097/92/106 1061/92/106 1063/92/106 1060/92/106 1065/92/106 1057/92/106 1059/92/106 1068/92/106 1052/92/106 1054/92/106 1055/92/106 1047/92/106 1049/92/106 1046/92/106 1045/92/106 1048/92/106 645/92/106 643/92/106 642/92/106 640/92/106 637/92/106 633/92/106 631/92/106 628/92/106 626/92/106 623/92/106 619/92/106 615/92/106 611/92/106 605/92/106 599/92/106 592/92/106 588/92/106 578/92/106 572/92/106
f 709/92/107 707/92/107 674/92/107 676/92/107 678/92/107 680/92/107 682/92/107 683/92/107 685/92/107 687/92/107 688/92/107 689/92/107 690/92/107 691/92/107 692/92/107 693/92/107 694/92/107 695/92/107 696/92/107 711/92/107 710/92/107
f 712/92/107 711/92/107 696/92/107 697/92/107 698/92/107 699/92/107 700/92/107 701/92/107 702/92/107 703/92/107 704/92/107 705/92/107 706/92/107 1017/92/107 1024/92/107 1020/92/107 1019/92/107
f 1023/92/107 1018/92/107 664/92/107 666/92/107 668/92/107 670/92/107 671/92/107 674/92/107 707/92/107 708/92/107 1022/92/107 1021/92/107
f 599/92/108 605/92/108 683/92/108 682/92/108
f 1002/92/109 647/92/109 699/92/109 1004/92/109
f 1003/92/109 1004/92/109 699/92/109 698/92/109 645/92/109 647/92/109 1002/92/109 1001/92/109
f 605/92/110 611/92/110 685/92/110 683/92/110
f 647/92/111 649/92/111 700/92/111 699/92/111
f 611/92/112 615/92/112 687/92/112 685/92/112
f 649/92/113 651/92/113 701/92/113 700/92/113
f 615/92/114 619/92/114 688/92/114 687/92/114
f 398/92/115 664/92/115 1012/92/115 1010/92/115
f 1026/92/115 1012/92/115 664/92/115 1018/92/115
f 1027/92/115 1030/92/115 1009/92/115 1011/92/115 1025/92/115 1017/92/115 706/92/115 662/92/115 398/92/115 1010/92/115 1029/92/115 1028/92/115
f 651/92/116 653/92/116 702/92/116 701/92/116
f 619/92/117 623/92/117 689/92/117 688/92/117
f 398/92/118 488/92/118 666/92/118 664/92/118
f 653/92/119 655/92/119 703/92/119 702/92/119
f 623/92/120 626/92/120 690/92/120 689/92/120
f 488/92/121 501/92/121 668/92/121 666/92/121
f 655/92/122 657/92/122 704/92/122 703/92/122
f 626/92/123 628/92/123 691/92/123 690/92/123
f 501/92/124 547/92/124 670/92/124 668/92/124
f 657/92/125 660/92/125 705/92/125 704/92/125
f 628/92/126 631/92/126 692/92/126 691/92/126
f 547/92/127 560/92/127 671/92/127 670/92/127
f 660/92/128 662/92/128 706/92/128 705/92/128
f 631/92/129 633/92/129 693/92/129 692/92/129
f 560/92/130 572/92/130 674/92/130 671/92/130
f 633/92/131 637/92/131 694/92/131 693/92/131
f 572/92/132 578/92/132 676/92/132 674/92/132
f 637/92/133 640/92/133 695/92/133 694/92/133
f 578/92/134 588/92/134 678/92/134 676/92/134
f 640/92/135 642/92/135 696/92/135 695/92/135
f 588/92/136 592/92/136 680/92/136 678/92/136
f 642/92/137 643/92/137 697/92/137 696/92/137
f 592/92/138 599/92/138 682/92/138 680/92/138
f 643/92/139 645/92/139 698/92/139 697/92/139
f 710/93/140 443/94/140 523/95/140 709/96/140
f 707/97/141 709/96/141 523/95/141 583/98/141 708/99/141
f 1015/100/142 1033/101/142 1022/102/142 708/99/142
f 1035/103/142 1014/104/142 583/98/142 557/105/142 712/106/142 1019/107/142 1034/108/142 1016/109/142 1013/110/142 1036/111/142 1031/112/142 1032/113/142
f 1015/100/142 708/99/142 583/98/142 1014/104/142
f 1005/114/143 711/115/143 712/106/143 1006/116/143
f 1008/117/143 1006/116/143 712/106/143 557/105/143 443/118/143 710/119/143 711/115/143 1005/114/143 1007/120/143
f 1069/121/107 875/122/107 873/123/107 1071/124/107 1075/125/107 1076/126/107
f 1070/127/107 1074/128/107 1077/129/107 1072/130/107 1073/131/107 557/105/107 949/132/107 941/133/107 942/134/107 952/135/107 934/136/107 936/137/107 938/138/107 932/139/107 930/140/107 929/141/107 1124/142/107 1127/143/107 1140/144/107 1137/145/107 1136/146/107 1134/147/107 1135/148/107 1133/149/107 1138/150/107 1130/151/107 1131/152/107 1132/153/107 1128/154/107 1129/155/107 1139/156/107 1126/157/107 1123/158/107 1125/159/107
f 717/160/107 723/161/107 523/162/107 443/163/107 862/164/107 860/165/107 857/166/107 858/167/107 861/168/107 859/169/107 867/170/107 866/171/107 864/172/107 880/173/107 871/174/107 869/175/107 877/176/107 872/177/107 875/122/107 1069/121/107 1078/178/107 1081/179/107 1080/180/107 1084/181/107 1083/182/107 1082/183/107 1079/184/107 1070/127/107 1125/159/107 1142/185/107 1144/186/107 1143/187/107 1148/188/107 1145/189/107 1147/190/107 1146/191/107 1141/192/107 1124/142/107 929/141/107 931/193/107 933/194/107 939/195/107 937/196/107 935/197/107 951/198/107 940/199/107 943/200/107 950/201/107 945/202/107 948/203/107 946/204/107 947/205/107 944/206/107 949/132/107 557/105/107 583/98/107 806/207/107 801/208/107 804/209/107 802/210/107 803/211/107 800/212/107 805/213/107 797/214/107 798/215/107 808/216/107 790/217/107 792/218/107 794/219/107 788/220/107 786/221/107 785/222/107 730/223/107 731/224/107 728/225/107 733/226/107 725/227/107 726/228/107 735/229/107 718/230/107 720/231/107 722/232/107 716/233/107 714/234/107 713/235/107 715/236/107
f 865/237/107 862/164/107 443/163/107 557/105/107 1073/131/107 1086/238/107 1088/239/107 1096/240/107 1094/241/107 1095/242/107 1093/243/107 1092/244/107 1091/245/107 1090/246/107 1089/247/107 1087/248/107 1085/249/107 1071/124/107 873/123/107 874/250/107 876/251/107 878/252/107 868/253/107 870/254/107 879/255/107 863/256/107
f 799/257/107 806/207/107 583/98/107 730/223/107 785/222/107 787/258/107 789/259/107 795/260/107 793/261/107 791/262/107 807/263/107 796/264/107
f 732/265/107 730/223/107 583/98/107 523/162/107 723/161/107 721/266/107 719/267/107 736/268/107 724/269/107 727/270/107 734/271/107 729/272/107
f 421/273/144 472/274/144 518/275/144 500/276/144
f 500/276/145 518/275/145 545/277/145 535/278/145
f 535/278/146 545/277/146 566/279/146 551/280/146
f 551/280/147 566/279/147 574/281/147 567/282/147
f 567/282/148 574/281/148 590/283/148 581/284/148
f 581/284/149 590/283/149 601/285/149 596/286/149
f 596/286/150 601/285/150 614/287/150 607/288/150
f 607/288/151 614/287/151 620/289/151 617/290/151
f 617/290/152 620/289/152 625/291/152 622/292/152
f 622/292/153 625/291/153 632/293/153 629/294/153
f 629/294/154 632/293/154 638/295/154 635/296/154
f 635/296/155 638/295/155 641/297/155 639/298/155
f 639/298/156 641/297/156 646/299/156 644/300/156
f 644/300/157 646/299/157 650/301/157 648/302/157
f 648/302/158 650/301/158 654/303/158 652/304/158
f 652/304/159 654/303/159 658/305/159 656/306/159
f 656/306/160 658/305/160 661/307/160 659/308/160
f 659/308/161 661/307/161 665/309/161 663/310/161
f 663/310/162 665/309/162 669/311/162 667/312/162
f 667/312/163 669/311/163 673/313/163 672/314/163
f 672/314/164 673/313/164 677/315/164 675/316/164
f 675/316/165 677/315/165 681/317/165 679/318/165
f 665/319/107 661/320/107 658/321/107 654/322/107 747/323/107 740/324/107 738/325/107 737/326/107 739/327/107 741/328/107 742/329/107 746/330/107 744/331/107 686/332/107 681/333/107 677/334/107 673/335/107 669/336/107
f 545/337/107 518/338/107 472/339/107 686/332/107 744/331/107 760/340/107 751/341/107 749/342/107 757/343/107 756/344/107 755/345/107 753/346/107 754/347/107 752/348/107 758/349/107 748/350/107 750/351/107 759/352/107 743/353/107 745/354/107 747/323/107 654/322/107 650/355/107 646/356/107 641/357/107 638/358/107 632/359/107 625/360/107 620/361/107 614/362/107 601/363/107 590/364/107 574/365/107 566/366/107
f 679/318/166 681/317/166 686/367/166 684/368/166
f 684/368/167 686/367/167 472/369/167 421/370/167
f 684/371/106 421/372/106 500/373/106 535/374/106 551/375/106 567/376/106 581/377/106 596/378/106 777/379/106 779/380/106 776/381/106 781/382/106 773/383/106 775/384/106 784/385/106 768/386/106 770/387/106 771/388/106 763/389/106 765/390/106 761/391/106 762/392/106 764/393/106 766/394/106 769/395/106 648/396/106 652/397/106 656/398/106 659/399/106 663/400/106 667/401/106 672/402/106 675/403/106 679/404/106
f 778/405/106 777/379/106 596/378/106 607/406/106 617/407/106 622/408/106 629/409/106 635/410/106 639/411/106 644/412/106 648/396/106 769/395/106 767/413/106 783/414/106 774/415/106 772/416/106 782/417/106 780/418/106
f 736/419/156 366/273/156 456/276/156 724/420/156
f 775/421/156 751/422/156 760/423/156 784/424/156
f 724/420/157 456/276/157 481/278/157 727/425/157
f 773/426/157 749/427/157 751/422/157 775/421/157
f 727/425/158 481/278/158 512/280/158 734/428/158
f 781/429/158 757/430/158 749/427/158 773/426/158
f 512/280/159 529/282/159 729/431/159 734/428/159
f 756/432/159 757/430/159 781/429/159 776/433/159
f 529/282/160 541/284/160 732/434/160 729/431/160
f 755/435/160 756/432/160 776/433/160 779/436/160
f 541/284/161 554/286/161 730/437/161 732/434/161
f 753/438/161 755/435/161 779/436/161 777/439/161
f 554/286/162 563/288/162 731/440/162 730/437/162
f 754/441/162 753/438/162 777/439/162 778/442/162
f 563/288/163 569/290/163 728/443/163 731/440/163
f 752/444/163 754/441/163 778/442/163 780/445/163
f 569/290/164 576/292/164 733/446/164 728/443/164
f 758/447/164 752/444/164 780/445/164 782/448/164
f 576/292/165 580/294/165 725/449/165 733/446/165
f 748/450/165 758/447/165 782/448/165 772/451/165
f 580/294/166 585/296/166 726/452/166 725/449/166
f 750/453/166 748/450/166 772/451/166 774/454/166
f 585/296/167 593/298/167 735/455/167 726/452/167
f 759/456/167 750/453/167 774/454/167 783/457/167
f 593/298/144 597/300/144 718/458/144 735/455/144
f 743/459/144 759/456/144 783/457/144 767/460/144
f 597/300/145 603/302/145 720/461/145 718/458/145
f 745/462/145 743/459/145 767/460/145 769/463/145
f 603/302/146 610/304/146 722/464/146 720/461/146
f 747/465/146 745/462/146 769/463/146 766/466/146
f 722/464/147 610/304/147 616/306/147 716/467/147
f 764/468/147 740/469/147 747/465/147 766/466/147
f 716/467/148 616/306/148 618/308/148 714/470/148
f 762/471/148 738/472/148 740/469/148 764/468/148
f 714/470/149 618/308/149 621/310/149 713/473/149
f 761/474/149 737/475/149 738/472/149 762/471/149
f 713/473/150 621/310/150 624/312/150 715/476/150
f 765/477/150 739/478/150 737/475/150 761/474/150
f 715/476/151 624/312/151 627/314/151 717/479/151
f 763/480/151 741/481/151 739/478/151 765/477/151
f 717/479/152 627/314/152 630/316/152 723/482/152
f 771/483/152 742/484/152 741/481/152 763/480/152
f 723/482/153 630/316/153 634/318/153 721/485/153
f 770/486/153 746/487/153 742/484/153 771/483/153
f 721/485/154 634/318/154 636/368/154 719/488/154
f 768/489/154 744/490/154 746/487/154 770/486/154
f 719/488/155 636/368/155 366/370/155 736/491/155
f 784/492/155 760/493/155 744/490/155 768/489/155
f 580/494/107 576/495/107 569/407/107 563/496/107 554/378/107 541/377/107 529/376/107 512/375/107 481/374/107 456/373/107 366/372/107 636/371/107 634/404/107 630/403/107 627/402/107 624/401/107 621/400/107 618/497/107 616/398/107 610/498/107 603/499/107 597/412/107 593/500/107 585/410/107
f 370/273/144 391/274/144 435/275/144 425/276/144
f 425/276/145 435/275/145 476/277/145 464/278/145
f 464/278/146 476/277/146 493/279/146 483/280/146
f 483/280/147 493/279/147 505/281/147 497/282/147
f 497/282/148 505/281/148 513/283/148 510/284/148
f 510/284/149 513/283/149 528/285/149 521/286/149
f 521/286/150 528/285/150 538/287/150 532/288/150
f 532/288/151 538/287/151 548/289/151 543/290/151
f 543/290/152 548/289/152 553/291/152 549/292/152
f 549/292/153 553/291/153 558/293/153 555/294/153
f 555/294/154 558/293/154 564/295/154 561/296/154
f 561/296/155 564/295/155 570/297/155 568/298/155
f 568/298/156 570/297/156 573/299/156 571/300/156
f 571/300/157 573/299/157 577/301/157 575/302/157
f 575/302/158 577/301/158 582/303/158 579/304/158
f 579/304/159 582/303/159 586/305/159 584/306/159
f 584/306/160 586/305/160 589/307/160 587/308/160
f 587/308/161 589/307/161 594/309/161 591/310/161
f 591/310/162 594/309/162 598/311/162 595/312/162
f 595/312/163 598/311/163 602/313/163 600/314/163
f 600/314/164 602/313/164 606/315/164 604/316/164
f 604/316/165 606/315/165 609/317/165 608/318/165
f 594/319/107 589/320/107 586/321/107 582/322/107 819/323/107 812/324/107 810/325/107 809/326/107 811/327/107 813/328/107 814/329/107 818/330/107 816/331/107 613/332/107 609/333/107 606/334/107 602/335/107 598/336/107
f 553/360/107 548/361/107 538/362/107 528/363/107 513/364/107 505/365/107 493/366/107 476/337/107 435/338/107 391/339/107 613/332/107 816/331/107 832/340/107 823/341/107 821/342/107 829/343/107 828/344/107 827/345/107 825/346/107 826/347/107 824/348/107 830/349/107 820/350/107 822/351/107 831/352/107 815/353/107 817/354/107 819/323/107 582/322/107 577/355/107 573/356/107 570/357/107 564/358/107 558/359/107
f 608/318/166 609/317/166 613/367/166 612/368/166
f 612/368/167 613/367/167 391/369/167 370/370/167
f 612/371/106 370/372/106 425/373/106 464/374/106 483/375/106 497/376/106 510/377/106 521/378/106 849/379/106 851/380/106 848/381/106 853/382/106 845/383/106 847/384/106 856/385/106 840/386/106 842/387/106 843/388/106 835/389/106 837/390/106 833/391/106 834/392/106 836/393/106 838/394/106 841/395/106 575/396/106 579/397/106 584/398/106 587/399/106 591/400/106 595/401/106 600/402/106 604/403/106 608/404/106
f 850/405/106 849/379/106 521/378/106 532/406/106 543/407/106 549/408/106 555/409/106 561/410/106 568/411/106 571/412/106 575/396/106 841/395/106 839/413/106 855/414/106 846/415/106 844/416/106 854/417/106 852/418/106
f 807/419/156 355/273/156 383/276/156 796/420/156
f 847/421/156 823/422/156 832/423/156 856/424/156
f 796/420/157 383/276/157 413/278/157 799/425/157
f 845/426/157 821/427/157 823/422/157 847/421/157
f 799/425/158 413/278/158 430/280/158 806/501/158
f 853/429/158 829/430/158 821/427/158 845/426/158
f 430/280/159 452/282/159 801/431/159 806/501/159
f 828/432/159 829/430/159 853/429/159 848/433/159
f 452/282/160 470/284/160 804/434/160 801/431/160
f 827/435/160 828/432/160 848/433/160 851/436/160
f 470/284/161 477/286/161 802/502/161 804/434/161
f 825/438/161 827/435/161 851/436/161 849/439/161
f 477/286/162 489/288/162 803/440/162 802/502/162
f 826/441/162 825/438/162 849/439/162 850/442/162
f 489/288/163 495/290/163 800/443/163 803/440/163
f 824/444/163 826/441/163 850/442/163 852/445/163
f 495/290/164 503/292/164 805/446/164 800/443/164
f 830/447/164 824/444/164 852/445/164 854/448/164
f 503/292/165 507/294/165 797/449/165 805/446/165
f 820/450/165 830/447/165 854/448/165 844/451/165
f 507/294/166 515/296/166 798/452/166 797/449/166
f 822/453/166 820/450/166 844/451/166 846/454/166
f 515/296/167 520/298/167 808/455/167 798/452/167
f 831/456/167 822/453/167 846/454/167 855/457/167
f 520/298/144 525/300/144 790/458/144 808/455/144
f 815/459/144 831/456/144 855/457/144 839/460/144
f 525/300/145 534/302/145 792/461/145 790/458/145
f 817/462/145 815/459/145 839/460/145 841/463/145
f 534/302/146 540/304/146 794/464/146 792/461/146
f 819/465/146 817/462/146 841/463/146 838/466/146
f 794/464/147 540/304/147 544/306/147 788/467/147
f 836/468/147 812/469/147 819/465/147 838/466/147
f 788/467/148 544/306/148 546/308/148 786/470/148
f 834/471/148 810/472/148 812/469/148 836/468/148
f 786/470/149 546/308/149 550/310/149 785/503/149
f 833/474/149 809/475/149 810/472/149 834/471/149
f 785/503/150 550/310/150 552/312/150 787/476/150
f 837/477/150 811/478/150 809/475/150 833/474/150
f 787/476/151 552/312/151 556/314/151 789/479/151
f 835/480/151 813/481/151 811/478/151 837/477/151
f 789/479/152 556/314/152 559/316/152 795/504/152
f 843/483/152 814/484/152 813/481/152 835/480/152
f 795/504/153 559/316/153 562/318/153 793/485/153
f 842/486/153 818/487/153 814/484/153 843/483/153
f 793/485/154 562/318/154 565/368/154 791/488/154
f 840/489/154 816/490/154 818/487/154 842/486/154
f 791/488/155 565/368/155 355/370/155 807/491/155
f 856/492/155 832/493/155 816/490/155 840/489/155
f 562/404/107 559/403/107 556/402/107 552/401/107 550/400/107 546/497/107 544/398/107 540/498/107 534/499/107 525/412/107 520/500/107 515/410/107 507/494/107 503/495/107 495/407/107 489/496/107 477/378/107 470/377/107 452/376/107 430/375/107 413/374/107 383/373/107 355/372/107 565/371/107
f 352/273/144 361/274/144 386/275/144 376/276/144
f 376/276/145 386/275/145 403/277/145 394/278/145
f 394/278/146 403/277/146 416/279/146 407/280/146
f 407/280/147 416/279/147 434/281/147 428/282/147
f 428/282/148 434/281/148 446/283/148 440/284/148
f 440/284/149 446/283/149 458/285/149 449/286/149
f 449/286/150 458/285/150 466/287/150 459/288/150
f 459/288/151 466/287/151 474/289/151 473/290/151
f 473/290/152 474/289/152 482/291/152 479/292/152
f 479/292/153 482/291/153 487/293/153 485/294/153
f 485/294/154 487/293/154 494/295/154 491/296/154
f 491/296/155 494/295/155 498/297/155 496/298/155
f 496/298/156 498/297/156 502/299/156 499/300/156
f 499/300/157 502/299/157 506/301/157 504/302/157
f 504/302/158 506/301/158 509/303/158 508/304/158
f 508/304/159 509/303/159 514/305/159 511/306/159
f 511/306/160 514/305/160 517/307/160 516/308/160
f 516/308/161 517/307/161 522/309/161 519/310/161
f 519/310/162 522/309/162 526/311/162 524/312/162
f 524/312/163 526/311/163 530/313/163 527/314/163
f 527/314/164 530/313/164 533/315/164 531/316/164
f 531/316/165 533/315/165 537/317/165 536/318/165
f 522/319/107 517/320/107 514/321/107 509/322/107 891/323/107 884/324/107 882/325/107 881/326/107 883/327/107 885/328/107 886/329/107 890/330/107 888/331/107 542/332/107 537/333/107 533/334/107 530/335/107 526/336/107
f 502/356/107 498/357/107 494/358/107 487/359/107 482/360/107 474/361/107 466/362/107 458/363/107 446/364/107 434/365/107 416/366/107 403/337/107 386/338/107 361/339/107 542/332/107 888/331/107 904/340/107 895/341/107 893/342/107 901/343/107 900/344/107 899/345/107 897/346/107 898/347/107 896/348/107 902/349/107 892/350/107 894/351/107 903/352/107 887/353/107 889/354/107 891/323/107 509/322/107 506/355/107
f 536/318/166 537/317/166 542/367/166 539/368/166
f 539/368/167 542/367/167 361/369/167 352/370/167
f 539/371/106 352/372/106 376/373/106 394/374/106 407/375/106 428/376/106 440/377/106 449/378/106 921/379/106 923/380/106 920/381/106 925/382/106 917/383/106 919/384/106 928/385/106 912/386/106 914/387/106 915/388/106 907/389/106 909/390/106 905/391/106 906/392/106 908/393/106 910/394/106 913/395/106 504/396/106 508/397/106 511/398/106 516/399/106 519/400/106 524/401/106 527/402/106 531/403/106 536/404/106
f 922/405/106 921/379/106 449/378/106 459/406/106 473/407/106 479/408/106 485/409/106 491/410/106 496/411/106 499/412/106 504/396/106 913/395/106 911/413/106 927/414/106 918/415/106 916/416/106 926/417/106 924/418/106
f 880/419/156 351/273/156 360/276/156 871/420/156
f 919/421/156 895/422/156 904/423/156 928/424/156
f 871/420/157 360/276/157 369/278/157 869/425/157
f 917/426/157 893/427/157 895/422/157 919/421/157
f 869/425/158 369/278/158 380/280/158 877/428/158
f 925/429/158 901/430/158 893/427/158 917/426/158
f 380/280/159 388/282/159 872/431/159 877/428/159
f 900/432/159 901/430/159 925/429/159 920/433/159
f 388/282/160 401/284/160 875/434/160 872/431/160
f 899/435/160 900/432/160 920/433/160 923/436/160
f 401/284/161 408/286/161 873/437/161 875/434/161
f 897/438/161 899/435/161 923/436/161 921/439/161
f 408/286/162 418/288/162 874/440/162 873/437/162
f 898/441/162 897/438/162 921/439/162 922/442/162
f 418/288/163 423/290/163 876/443/163 874/440/163
f 896/444/163 898/441/163 922/442/163 924/445/163
f 423/290/164 431/292/164 878/446/164 876/443/164
f 902/447/164 896/444/164 924/445/164 926/448/164
f 431/292/165 437/294/165 868/449/165 878/446/165
f 892/450/165 902/447/165 926/448/165 916/451/165
f 437/294/166 441/296/166 870/452/166 868/449/166
f 894/453/166 892/450/166 916/451/166 918/454/166
f 441/296/167 447/298/167 879/455/167 870/452/167
f 903/456/167 894/453/167 918/454/167 927/457/167
f 447/298/144 453/300/144 863/458/144 879/455/144
f 887/459/144 903/456/144 927/457/144 911/460/144
f 453/300/145 461/302/145 865/461/145 863/458/145
f 889/462/145 887/459/145 911/460/145 913/463/145
f 461/302/146 467/304/146 862/505/146 865/461/146
f 891/465/146 889/462/146 913/463/146 910/466/146
f 862/505/147 467/304/147 471/306/147 860/467/147
f 908/468/147 884/469/147 891/465/147 910/466/147
f 860/467/148 471/306/148 475/308/148 857/470/148
f 906/471/148 882/472/148 884/469/148 908/468/148
f 857/470/149 475/308/149 478/310/149 858/473/149
f 905/474/149 881/475/149 882/472/149 906/471/149
f 858/473/150 478/310/150 480/312/150 861/476/150
f 909/477/150 883/478/150 881/475/150 905/474/150
f 861/476/151 480/312/151 484/314/151 859/479/151
f 907/480/151 885/481/151 883/478/151 909/477/151
f 859/479/152 484/314/152 486/316/152 867/504/152
f 915/483/152 886/484/152 885/481/152 907/480/152
f 867/504/153 486/316/153 490/318/153 866/485/153
f 914/486/153 890/487/153 886/484/153 915/483/153
f 866/485/154 490/318/154 492/368/154 864/488/154
f 912/489/154 888/490/154 890/487/154 914/486/154
f 864/488/155 492/368/155 351/370/155 880/491/155
f 928/492/155 904/493/155 888/490/155 912/489/155
f 437/494/107 431/495/107 423/407/107 418/496/107 408/378/107 401/377/107 388/376/107 380/375/107 369/374/107 360/373/107 351/372/107 492/371/107 490/404/107 486/403/107 484/402/107 480/401/107 478/400/107 475/497/107 471/398/107 467/498/107 461/499/107 453/412/107 447/500/107 441/410/107
f 349/273/144 354/274/144 358/275/144 357/276/144
f 357/276/145 358/275/145 364/277/145 363/278/145
f 363/278/146 364/277/146 373/279/146 368/280/146
f 368/280/147 373/279/147 379/281/147 377/282/147
f 377/282/148 379/281/148 384/283/148 382/284/148
f 382/284/149 384/283/149 392/285/149 389/286/149
f 389/286/150 392/285/150 396/287/150 395/288/150
f 395/288/151 396/287/151 404/289/151 399/290/151
f 399/290/152 404/289/152 410/291/152 405/292/152
f 405/292/153 410/291/153 415/293/153 412/294/153
f 412/294/154 415/293/154 422/295/154 419/296/154
f 419/296/155 422/295/155 426/297/155 424/298/155
f 424/298/156 426/297/156 429/299/156 427/300/156
f 427/300/157 429/299/157 433/301/157 432/302/157
f 432/302/158 433/301/158 438/303/158 436/304/158
f 436/304/159 438/303/159 442/305/159 439/306/159
f 439/306/160 442/305/160 445/307/160 444/308/160
f 444/308/161 445/307/161 450/309/161 448/310/161
f 448/310/162 450/309/162 454/311/162 451/312/162
f 451/312/163 454/311/163 457/313/163 455/314/163
f 455/314/164 457/313/164 462/315/164 460/316/164
f 460/316/165 462/315/165 465/317/165 463/318/165
f 450/319/107 445/320/107 442/321/107 438/322/107 963/323/107 956/324/107 954/325/107 953/326/107 955/327/107 957/328/107 958/329/107 962/330/107 960/331/107 469/332/107 465/333/107 462/334/107 457/335/107 454/336/107
f 364/337/107 358/338/107 354/339/107 469/332/107 960/331/107 976/340/107 967/341/107 965/342/107 973/343/107 972/344/107 971/345/107 969/346/107 970/347/107 968/348/107 974/349/107 964/350/107 966/351/107 975/352/107 959/353/107 961/354/107 963/323/107 438/322/107 433/355/107 429/356/107 426/357/107 422/358/107 415/359/107 410/360/107 404/361/107 396/362/107 392/363/107 384/364/107 379/365/107 373/366/107
f 463/318/166 465/317/166 469/367/166 468/368/166
f 468/368/167 469/367/167 354/369/167 349/370/167
f 468/371/106 349/372/106 357/373/106 363/374/106 368/375/106 377/376/106 382/377/106 389/378/106 993/379/106 995/380/106 992/381/106 997/382/106 989/383/106 991/384/106 1000/385/106 984/386/106 986/387/106 987/388/106 979/389/106 981/390/106 977/391/106 978/392/106 980/393/106 982/394/106 985/395/106 432/396/106 436/397/106 439/398/106 444/399/106 448/400/106 451/401/106 455/402/106 460/403/106 463/404/106
f 994/405/106 993/379/106 389/378/106 395/406/106 399/407/106 405/408/106 412/409/106 419/410/106 424/411/106 427/412/106 432/396/106 985/395/106 983/413/106 999/414/106 990/415/106 988/416/106 998/417/106 996/418/106
f 951/419/156 348/273/156 353/276/156 940/420/156
f 991/421/156 967/422/156 976/423/156 1000/424/156
f 940/420/157 353/276/157 356/278/157 943/425/157
f 989/426/157 965/427/157 967/422/157 991/421/157
f 943/425/158 356/278/158 359/280/158 950/428/158
f 997/429/158 973/430/158 965/427/158 989/426/158
f 359/280/159 362/282/159 945/431/159 950/428/159
f 972/432/159 973/430/159 997/429/159 992/433/159
f 362/282/160 365/284/160 948/434/160 945/431/160
f 971/435/160 972/432/160 992/433/160 995/436/160
f 365/284/161 367/286/161 946/502/161 948/434/161
f 969/438/161 971/435/161 995/436/161 993/439/161
f 367/286/162 371/288/162 947/440/162 946/502/162
f 970/441/162 969/438/162 993/439/162 994/442/162
f 371/288/163 374/290/163 944/443/163 947/440/163
f 968/444/163 970/441/163 994/442/163 996/445/163
f 374/290/164 378/292/164 949/506/164 944/443/164
f 974/447/164 968/444/164 996/445/164 998/448/164
f 378/292/165 381/294/165 941/449/165 949/506/165
f 964/450/165 974/447/165 998/448/165 988/451/165
f 381/294/166 385/296/166 942/452/166 941/449/166
f 966/453/166 964/450/166 988/451/166 990/454/166
f 385/296/167 387/298/167 952/455/167 942/452/167
f 975/456/167 966/453/167 990/454/167 999/457/167
f 387/298/144 390/300/144 934/458/144 952/455/144
f 959/459/144 975/456/144 999/457/144 983/460/144
f 390/300/145 393/302/145 936/461/145 934/458/145
f 961/462/145 959/459/145 983/460/145 985/463/145
f 393/302/146 397/304/146 938/464/146 936/461/146
f 963/465/146 961/462/146 985/463/146 982/466/146
f 938/464/147 397/304/147 400/306/147 932/467/147
f 980/468/147 956/469/147 963/465/147 982/466/147
f 932/467/148 400/306/148 402/308/148 930/470/148
f 978/471/148 954/472/148 956/469/148 980/468/148
f 930/470/149 402/308/149 406/310/149 929/503/149
f 977/474/149 953/475/149 954/472/149 978/471/149
f 929/503/150 406/310/150 409/312/150 931/476/150
f 981/477/150 955/478/150 953/475/150 977/474/150
f 931/476/151 409/312/151 411/314/151 933/479/151
f 979/480/151 957/481/151 955/478/151 981/477/151
f 933/479/152 411/314/152 414/316/152 939/504/152
f 987/483/152 958/484/152 957/481/152 979/480/152
f 939/504/153 414/316/153 417/318/153 937/485/153
f 986/486/153 962/487/153 958/484/153 987/483/153
f 937/485/154 417/318/154 420/368/154 935/488/154
f 984/489/154 960/490/154 962/487/154 986/486/154
f 935/488/155 420/368/155 348/370/155 951/491/155
f 1000/492/155 976/493/155 960/490/155 984/489/155
f 417/404/107 414/403/107 411/402/107 409/401/107 406/400/107 402/497/107 400/398/107 397/498/107 393/499/107 390/412/107 387/500/107 385/410/107 381/494/107 378/495/107 374/407/107 371/496/107 367/378/107 365/377/107 362/376/107 359/375/107 356/374/107 353/373/107 348/372/107 420/371/107
f 1005/507/140 1003/508/140 1001/509/140 1007/510/140
f 1008/511/142 1002/512/142 1004/513/142 1006/514/142
f 1007/515/107 1001/516/107 1002/512/107 1008/511/107
f 1004/513/106 1003/517/106 1005/518/106 1006/514/106
f 1010/519/141 1012/520/141 1015/521/141 1014/522/141
f 1016/523/143 1011/524/143 1009/525/143 1013/526/143
f 1037/527/107 1029/528/107 1010/529/107 1014/530/107 1035/531/107 1039/532/107
f 1038/533/107 1036/534/107 1013/535/107 1009/536/107 1030/537/107 1040/538/107
f 1043/539/106 1025/540/106 1011/541/106 1016/542/106 1034/543/106 1042/544/106
f 1044/545/106 1033/546/106 1015/547/106 1012/548/106 1026/549/106 1041/550/106
f 1039/551/156 347/273/156 350/276/156 1037/552/156
f 1041/553/156 1023/554/156 1021/555/156 1044/556/156
f 1018/557/157 1023/554/157 1041/553/157 1026/558/157
f 1037/552/157 350/276/157 1028/559/157 1029/560/157
f 1017/561/166 1025/562/166 1043/563/166 1024/564/166
f 1027/565/166 372/296/166 1040/566/166 1030/567/166
f 372/296/167 375/298/167 1038/568/167 1040/566/167
f 1020/569/167 1024/564/167 1043/563/167 1042/570/167
f 375/298/144 1031/571/144 1036/572/144 1038/568/144
f 1019/573/144 1020/569/144 1042/570/144 1034/574/144
f 1035/575/155 1032/576/155 347/370/155 1039/577/155
f 1044/578/155 1021/493/155 1022/579/155 1033/580/155
f 1027/581/107 1028/582/107 350/373/107 347/372/107 1032/583/107 1031/584/107 375/500/107 372/410/107
f 1084/585/156 1068/586/156 1059/587/156 1083/588/156
f 1083/588/157 1059/587/157 1057/589/157 1082/590/157
f 1082/590/158 1057/589/158 1065/591/158 1079/592/158
f 1079/592/159 1065/591/159 1060/593/159 1074/594/159 1070/595/159
f 1060/593/160 1063/596/160 1077/597/160 1074/594/160
f 1063/596/161 1061/598/161 1072/599/161 1077/597/161
f 1072/599/162 1061/598/162 1062/600/162 1086/601/162 1073/602/162
f 1062/600/163 1064/603/163 1088/604/163 1086/601/163
f 1064/603/164 1066/605/164 1096/606/164 1088/604/164
f 1066/605/165 1056/607/165 1094/608/165 1096/606/165
f 1056/607/166 1058/609/166 1095/610/166 1094/608/166
f 1058/609/167 1067/611/167 1093/612/167 1095/610/167
f 1067/611/144 1051/613/144 1092/614/144 1093/612/144
f 1051/613/145 1053/615/145 1091/616/145 1092/614/145
f 1053/615/146 1050/617/146 1090/618/146 1091/616/146
f 1090/618/147 1050/617/147 1048/619/147 1089/620/147
f 1089/620/148 1048/619/148 1045/621/148 1087/622/148
f 1087/622/149 1045/621/149 1046/623/149 1085/624/149
f 1071/625/150 1085/624/150 1046/623/150 1049/626/150 1075/627/150
f 1075/627/151 1049/626/151 1047/628/151 1076/629/151
f 1069/630/152 1076/629/152 1047/628/152 1055/631/152 1078/632/152
f 1078/632/153 1055/631/153 1054/633/153 1081/634/153
f 1081/634/154 1054/633/154 1052/635/154 1080/636/154
f 1080/636/155 1052/635/155 1068/637/155 1084/638/155
f 1148/585/156 1122/586/156 1115/587/156 1145/588/156
f 1145/588/157 1115/587/157 1118/589/157 1147/590/157
f 1147/590/158 1118/589/158 1117/591/158 1146/592/158
f 1117/591/159 1116/593/159 1141/594/159 1146/592/159
f 1116/593/160 1121/596/160 1127/597/160 1124/639/160 1141/594/160
f 1121/596/161 1119/598/161 1140/599/161 1127/597/161
f 1119/598/162 1120/600/162 1137/601/162 1140/599/162
f 1120/600/163 1100/640/163 1101/603/163 1136/604/163 1137/601/163
f 1101/603/164 1099/605/164 1134/606/164 1136/604/164
f 1099/605/165 1104/607/165 1135/608/165 1134/606/165
f 1104/607/166 1107/609/166 1133/610/166 1135/608/166
f 1107/609/167 1106/611/167 1138/612/167 1133/610/167
f 1106/611/144 1105/613/144 1130/614/144 1138/612/144
f 1105/613/145 1103/615/145 1131/616/145 1130/614/145
f 1103/615/146 1102/617/146 1132/618/146 1131/616/146
f 1132/618/147 1102/617/147 1098/619/147 1128/620/147
f 1128/620/148 1098/619/148 1097/641/148 1109/621/148 1129/622/148
f 1129/622/149 1109/621/149 1108/623/149 1139/624/149
f 1139/624/150 1108/623/150 1110/626/150 1126/627/150
f 1126/627/151 1110/626/151 1114/628/151 1123/629/151
f 1123/629/152 1114/628/152 1111/631/152 1142/632/152 1125/642/152
f 1142/632/153 1111/631/153 1113/633/153 1144/634/153
f 1144/634/154 1113/633/154 1112/635/154 1143/636/154
f 1143/636/155 1112/635/155 1122/637/155 1148/638/155
o Case_Top
v 21.000000 3.500000 35.900002
v -21.000000 3.500000 -42.099998
v -21.000000 3.500000 35.900002
v 21.802340 3.500000 36.005630
v 21.000000 3.500000 -42.099998
v -20.197660 3.500000 36.005630
v 27.400000 1.600000 -39.400002
v 22.549999 3.500000 36.315323
v -25.400000 5.950000 34.820000
v 21.802340 3.500000 -41.994370
v 23.192032 3.500000 36.807968
v -19.450001 3.500000 36.315323
v 23.684679 3.500000 37.450001
v -20.197660 3.500000 -41.994370
v -18.807968 3.500000 36.807968
v 23.994370 3.500000 38.197662
v 27.284712 1.600000 -40.570541
v 22.549999 3.500000 -41.684677
v 26.943277 1.600000 -41.696102
v 24.100000 3.500000 39.000000
v -18.315321 3.500000 37.450001
v -19.450001 3.500000 -41.684677
v 23.994370 3.500000 39.802338
v 23.192032 3.500000 -41.192032
v 23.684679 3.500000 40.549999
v -18.005630 3.500000 38.197662
v -25.400000 5.950000 -35.180000
v 26.388817 1.600000 -42.733421
v 23.192032 3.500000 41.192032
v -17.900000 3.500000 39.000000
v 22.549999 3.500000 41.684677
v 23.684679 3.500000 -40.549999
v -18.807968 3.500000 -41.192032
v -18.005630 3.500000 39.802338
v 21.802340 3.500000 41.994370
v 25.642641 1.600000 -43.642639
v -18.315321 3.500000 40.549999
v 21.000000 3.500000 42.099998
v 23.994370 3.500000 -39.802338
v 20.197660 3.500000 41.994370
v 25.400000 5.950000 34.820000
v -18.807968 3.500000 41.192032
v 19.450001 3.500000 41.684677
v -18.315321 3.500000 -40.549999
v 24.100000 3.500000 -39.000000
v 24.733421 1.600000 -44.388817
v 18.807968 3.500000 41.192032
v -19.450001 3.500000 41.684677
v 23.994370 3.500000 -38.197662
v 18.315321 3.500000 40.549999
v -20.197660 3.500000 41.994370
v 23.696100 1.600000 -44.943275
v 18.005630 3.500000 39.802338
v 25.400000 5.950000 -35.180000
v -21.000000 3.500000 42.099998
v 17.900000 3.500000 39.000000
v -18.005630 3.500000 -39.802338
v 18.005630 3.500000 38.197662
v 23.684679 3.500000 -37.450001
v 22.570541 1.600000 -45.284710
v -21.802340 3.500000 41.994370
v 18.315321 3.500000 37.450001
v -21.400000 1.600000 -45.400002
v 18.807968 3.500000 36.807968
v 23.192032 3.500000 -36.807968
v -22.549999 3.500000 41.684677
v 19.450001 3.500000 36.315323
v -17.900000 3.500000 -39.000000
v -22.570541 1.600000 -45.284710
v 20.197660 3.500000 36.005630
v -23.192032 3.500000 41.192032
v 22.549999 3.500000 -36.315323
v -18.005630 3.500000 -38.197662
v -23.684679 3.500000 40.549999
v -23.696100 1.600000 -44.943275
v 21.802340 3.500000 -36.005630
v -23.994370 3.500000 39.802338
v -24.733421 1.600000 -44.388817
v 21.000000 3.500000 -35.900002
v -24.100000 3.500000 39.000000
v -25.642641 1.600000 -43.642639
v -18.315321 3.500000 -37.450001
v -23.994370 3.500000 38.197662
v 20.197660 3.500000 -36.005630
v -26.388817 1.600000 -42.733421
v -23.684679 3.500000 37.450001
v -18.807968 3.500000 -36.807968
v -26.943277 1.600000 -41.696102
v -23.192032 3.500000 36.807968
v 19.450001 3.500000 -36.315323
v -22.549999 3.500000 36.315323
v -27.284712 1.600000 -40.570541
v -27.400000 1.600000 39.400002
v -21.802340 3.500000 36.005630
v 18.807968 3.500000 -36.807968
v -19.450001 3.500000 -36.315323
v -27.284712 1.600000 40.570541
v 18.315321 3.500000 -37.450001
v -26.943277 1.600000 41.696102
v 18.005630 3.500000 -38.197662
v -20.197660 3.500000 -36.005630
v -26.388817 1.600000 42.733421
v -25.642641 1.600000 43.642639
v 17.900000 3.500000 -39.000000
v -21.000000 3.500000 -35.900002
v 18.005630 3.500000 -39.802338
v -24.733421 1.600000 44.388817
v -23.696100 1.600000 44.943275
v 18.315321 3.500000 -40.549999
v -21.802340 3.500000 -36.005630
v -22.570541 1.600000 45.284710
v 18.807968 3.500000 -41.192032
v -22.549999 3.500000 -36.315323
v 21.400000 1.600000 45.400002
v 19.450001 3.500000 -41.684677
v 22.570541 1.600000 45.284710
v -23.192032 3.500000 -36.807968
v 20.197660 3.500000 -41.994370
v 23.696100 1.600000 44.943275
v 24.733421 1.600000 44.388817
v -23.684679 3.500000 -37.450001
v 25.642641 1.600000 43.642639
v 26.388817 1.600000 42.733421
v 26.943277 1.600000 41.696102
v -23.994370 3.500000 -38.197662
v 27.284712 1.600000 40.570541
v -24.100000 3.500000 -39.000000
v 27.400000 6.600000 -39.400002
v 27.284712 6.600000 -40.570541
v 26.943277 6.600000 -41.696102
v -23.994370 3.500000 -39.802338
v 26.388817 6.600000 -42.733421
v 25.642641 6.600000 -43.642639
v -23.684679 3.500000 -40.549999
v 24.733421 6.600000 -44.388817
v 23.696100 6.600000 -44.943275
v -23.192032 3.500000 -41.192032
v 22.570541 6.600000 -45.284710
v -21.400000 6.600000 -45.400002
v -22.549999 3.500000 -41.684677
v -22.570541 6.600000 -45.284710
v -23.696100 6.600000 -44.943275
v -21.802340 3.500000 -41.994370
v -24.733421 6.600000 -44.388817
v -25.642641 6.600000 -43.642639
v -26.388817 6.600000 -42.733421
v -26.943277 6.600000 -41.696102
v -27.284712 6.600000 -40.570541
v -27.400000 6.600000 39.400002
v -27.284712 6.600000 40.570541
v -26.943277 6.600000 41.696102
v -26.388817 6.600000 42.733421
v -25.642641 6.600000 43.642639
v -24.733421 6.600000 44.388817
v -23.696100 6.600000 44.943275
v -22.570541 6.600000 45.284710
v 21.400000 6.600000 45.400002
v 22.570541 6.600000 45.284710
v 23.696100 6.600000 44.943275
v 24.733421 6.600000 44.388817
v 25.642641 6.600000 43.642639
v 26.388817 6.600000 42.733421
v 26.943277 6.600000 41.696102
v 27.284712 6.600000 40.570541
v 25.400000 1.600000 34.820000
v -25.400000 1.600000 -35.180000
v 25.400000 1.600000 -35.180000
v -25.400000 1.600000 34.820000
v 22.250000 6.600000 -32.830002
v 22.250000 6.600000 26.670000
v -22.250000 6.600000 26.670000
v -22.250000 6.600000 -32.830002
v 22.250000 5.950000 26.670000
v -22.250000 5.950000 26.670000
v -22.250000 5.950000 -32.830002
v 22.250000 5.950000 -32.830002
v 14.250000 1.600000 -38.500000
v 14.275556 1.600000 -38.305885
v 14.275556 1.600000 -38.694115
v 14.350481 1.600000 -38.125000
v 14.350481 1.600000 -38.875000
v 14.805885 1.600000 -37.775555
v 14.805885 1.600000 -39.224445
v 14.625000 1.600000 -37.850479
v 14.625000 1.600000 -39.149521
v 14.469670 1.600000 -37.969669
v 14.469670 1.600000 -39.030331
v 15.194115 1.600000 -39.224445
v 15.375000 1.600000 -37.850479
v 15.194115 1.600000 -37.775555
v 15.375000 1.600000 -39.149521
v 15.649519 1.600000 -38.125000
v 15.649519 1.600000 -38.875000
v 15.750000 1.600000 -38.500000
v 15.724444 1.600000 -38.305885
v 15.724444 1.600000 -38.694115
v 15.530330 1.600000 -37.969669
v 15.530330 1.600000 -39.030331
v 15.000000 1.600000 -39.250000
v 15.000000 1.600000 -37.750000
v 14.250000 6.600000 -38.500000
v 14.275556 6.600000 -38.305885
v 14.275556 6.600000 -38.694115
v 14.350481 6.600000 -38.125000
v 14.350481 6.600000 -38.875000
v 14.805885 6.600000 -37.775555
v 14.805885 6.600000 -39.224445
v 14.625000 6.600000 -37.850479
v 14.625000 6.600000 -39.149521
v 14.469670 6.600000 -37.969669
v 14.469670 6.600000 -39.030331
v 15.194115 6.600000 -37.775555
v 15.375000 6.600000 -39.149521
v 15.375000 6.600000 -37.850479
v 15.194115 6.600000 -39.224445
v 15.649519 6.600000 -38.125000
v 15.649519 6.600000 -38.875000
v 15.750000 6.600000 -38.500000
v 15.724444 6.600000 -38.305885
v 15.724444 6.600000 -38.694115
v 15.530330 6.600000 -37.969669
v 15.530330 6.600000 -39.030331
v 15.000000 6.600000 -39.250000
v 15.000000 6.600000 -37.750000
v -22.700001 1.600000 -39.000000
v -22.642075 1.600000 -38.560009
v -22.472242 1.600000 -39.849998
v -22.472242 1.600000 -38.150002
v -22.642075 1.600000 -39.439991
v -22.202082 1.600000 -37.797920
v -21.439993 1.600000 -37.357925
v -21.439993 1.600000 -40.642075
v -21.850000 1.600000 -37.527756
v -21.850000 1.600000 -40.472244
v -22.202082 1.600000 -40.202080
v -20.150000 1.600000 -37.527756
v -20.150000 1.600000 -40.472244
v -20.560007 1.600000 -37.357925
v -20.560007 1.600000 -40.642075
v -19.527758 1.600000 -39.849998
v -19.299999 1.600000 -39.000000
v -19.357925 1.600000 -38.560009
v -19.357925 1.600000 -39.439991
v -19.527758 1.600000 -38.150002
v -19.797918 1.600000 -40.202080
v -19.797918 1.600000 -37.797920
v -21.000000 1.600000 -37.299999
v -21.000000 1.600000 -40.700001
v -23.755203 6.600000 -40.379738
v -21.684677 6.600000 -35.990139
v -21.802340 6.600000 -36.005630
v -23.994370 6.600000 -39.802338
v -24.100000 6.600000 -39.000000
v -23.684679 6.600000 -37.450001
v -23.994370 6.600000 -38.197662
v -23.192032 6.600000 -36.807968
v -22.549999 6.600000 -36.315323
v -21.000000 6.600000 -35.900002
v -20.197660 6.600000 -36.005630
v -18.807968 6.600000 -36.807968
v -19.450001 6.600000 -36.315323
v -18.315321 6.600000 -37.450001
v -18.005630 6.600000 -38.197662
v -17.900000 6.600000 -39.000000
v -18.005630 6.600000 -39.802338
v -18.315321 6.600000 -40.549999
v -23.684679 6.600000 -40.549999
v -21.000000 6.600000 -42.099998
v -23.192032 6.600000 -41.192032
v -21.802340 6.600000 -41.994370
v -22.549999 6.600000 -41.684677
v -18.807968 6.600000 -41.192032
v -19.450001 6.600000 -41.684677
v -20.197660 6.600000 -41.994370
v -21.000000 3.500000 -40.700001
v -20.560007 3.500000 -40.642075
v -20.150000 3.500000 -40.472244
v -19.797918 3.500000 -40.202080
v -19.527758 3.500000 -39.849998
v -19.357925 3.500000 -39.439991
v -19.299999 3.500000 -39.000000
v -19.357925 3.500000 -38.560009
v -19.527758 3.500000 -38.150002
v -19.797918 3.500000 -37.797920
v -20.150000 3.500000 -37.527756
v -20.560007 3.500000 -37.357925
v -21.000000 3.500000 -37.299999
v -21.439993 3.500000 -37.357925
v -21.850000 3.500000 -37.527756
v -22.202082 3.500000 -37.797920
v -22.472242 3.500000 -38.150002
v -22.642075 3.500000 -38.560009
v -22.700001 3.500000 -39.000000
v -22.642075 3.500000 -39.439991
v -22.472242 3.500000 -39.849998
v -22.202082 3.500000 -40.202080
v -21.850000 3.500000 -40.472244
v -21.439993 3.500000 -40.642075
v 19.336926 1.600000 -39.280483
v 22.495764 1.600000 -39.793213
v 19.299999 1.600000 -39.000000
v 19.527758 1.600000 -38.150002
v 19.357925 1.600000 -38.560009
v 20.150000 1.600000 -37.527756
v 21.000000 1.600000 -37.299999
v 20.560007 1.600000 -37.357925
v 19.797918 1.600000 -37.797920
v 21.850000 1.600000 -37.527756
v 22.202082 1.600000 -37.797920
v 22.700001 1.600000 -39.000000
v 22.642075 1.600000 -38.560009
v 22.642075 1.600000 -39.439991
v 21.439993 1.600000 -37.357925
v 22.472242 1.600000 -38.150002
v 19.357925 1.600000 -39.439991
v 22.472242 1.600000 -39.849998
v 22.202082 1.600000 -40.202080
v 19.527758 1.600000 -39.849998
v 20.150000 1.600000 -40.472244
v 19.797918 1.600000 -40.202080
v 21.000000 1.600000 -40.700001
v 21.850000 1.600000 -40.472244
v 21.439993 1.600000 -40.642075
v 20.560007 1.600000 -40.642075
v 17.906282 6.600000 -38.952278
v 18.005630 6.600000 -38.197662
v 21.684677 6.600000 -35.990139
v 18.315321 6.600000 -37.450001
v 19.450001 6.600000 -36.315323
v 18.807968 6.600000 -36.807968
v 21.000000 6.600000 -35.900002
v 20.197660 6.600000 -36.005630
v 21.802340 6.600000 -36.005630
v 17.900000 6.600000 -39.000000
v 18.005630 6.600000 -39.802338
v 18.315321 6.600000 -40.549999
v 18.807968 6.600000 -41.192032
v 19.450001 6.600000 -41.684677
v 20.197660 6.600000 -41.994370
v 21.000000 6.600000 -42.099998
v 22.677788 6.600000 -36.413380
v 22.549999 6.600000 -36.315323
v 23.192032 6.600000 -41.192032
v 23.240700 6.600000 -41.128605
v 21.802340 6.600000 -41.994370
v 22.549999 6.600000 -41.684677
v 23.192032 6.600000 -36.807968
v 23.684679 6.600000 -37.450001
v 24.100000 6.600000 -39.000000
v 23.994370 6.600000 -38.197662
v 23.994370 6.600000 -39.802338
v 23.684679 6.600000 -40.549999
v 21.000000 3.500000 -40.700001
v 21.439993 3.500000 -40.642075
v 21.850000 3.500000 -40.472244
v 22.202082 3.500000 -40.202080
v 22.472242 3.500000 -39.849998
v 22.642075 3.500000 -39.439991
v 22.700001 3.500000 -39.000000
v 22.642075 3.500000 -38.560009
v 22.472242 3.500000 -38.150002
v 22.202082 3.500000 -37.797920
v 21.850000 3.500000 -37.527756
v 21.439993 3.500000 -37.357925
v 21.000000 3.500000 -37.299999
v 20.560007 3.500000 -37.357925
v 20.150000 3.500000 -37.527756
v 19.797918 3.500000 -37.797920
v 19.527758 3.500000 -38.150002
v 19.357925 3.500000 -38.560009
v 19.299999 3.500000 -39.000000
v 19.357925 3.500000 -39.439991
v 19.527758 3.500000 -39.849998
v 19.797918 3.500000 -40.202080
v 20.150000 3.500000 -40.472244
v 20.560007 3.500000 -40.642075
v -22.642075 1.600000 39.439991
v -22.700001 1.600000 39.000000
v -22.472242 1.600000 38.150002
v -22.472242 1.600000 39.849998
v -22.642075 1.600000 38.560009
v -22.202082 1.600000 40.202080
v -21.439993 1.600000 40.642075
v -21.439993 1.600000 37.357925
v -21.850000 1.600000 40.472244
v -21.850000 1.600000 37.527756
v -22.202082 1.600000 37.797920
v -20.150000 1.600000 40.472244
v -20.150000 1.600000 37.527756
v -20.560007 1.600000 40.642075
v -20.560007 1.600000 37.357925
v -19.527758 1.600000 38.150002
v -19.299999 1.600000 39.000000
v -19.357925 1.600000 39.439991
v -19.357925 1.600000 38.560009
v -19.527758 1.600000 39.849998
v -19.797918 1.600000 37.797920
v -19.797918 1.600000 40.202080
v -21.000000 1.600000 40.700001
v -21.000000 1.600000 37.299999
v -24.100000 6.600000 39.000000
v -24.084488 6.600000 39.117828
v -23.994370 6.600000 38.197662
v -23.684679 6.600000 37.450001
v -23.192032 6.600000 36.807968
v -22.549999 6.600000 36.315323
v -21.802340 6.600000 36.005630
v -21.000000 6.600000 35.900002
v -19.450001 6.600000 36.315323
v -20.197660 6.600000 36.005630
v -18.807968 6.600000 36.807968
v -18.315321 6.600000 37.450001
v -18.005630 6.600000 38.197662
v -17.900000 6.600000 39.000000
v -18.005630 6.600000 39.802338
v -22.379738 6.600000 41.755203
v -21.802340 6.600000 41.994370
v -21.000000 6.600000 42.099998
v -18.807968 6.600000 41.192032
v -19.450001 6.600000 41.684677
v -20.197660 6.600000 41.994370
v -18.315321 6.600000 40.549999
v -22.549999 6.600000 41.684677
v -23.994370 6.600000 39.802338
v -23.684679 6.600000 40.549999
v -23.192032 6.600000 41.192032
v -21.000000 3.500000 37.299999
v -20.560007 3.500000 37.357925
v -20.150000 3.500000 37.527756
v -19.797918 3.500000 37.797920
v -19.527758 3.500000 38.150002
v -19.357925 3.500000 38.560009
v -19.299999 3.500000 39.000000
v -19.357925 3.500000 39.439991
v -19.527758 3.500000 39.849998
v -19.797918 3.500000 40.202080
v -20.150000 3.500000 40.472244
v -20.560007 3.500000 40.642075
v -21.000000 3.500000 40.700001
v -21.439993 3.500000 40.642075
v -21.850000 3.500000 40.472244
v -22.202082 3.500000 40.202080
v -22.472242 3.500000 39.849998
v -22.642075 3.500000 39.439991
v -22.700001 3.500000 39.000000
v -22.642075 3.500000 38.560009
v -22.472242 3.500000 38.150002
v -22.202082 3.500000 37.797920
v -21.850000 3.500000 37.527756
v -21.439993 3.500000 37.357925
v 19.299999 1.600000 39.000000
v 19.357925 1.600000 39.439991
v 19.357925 1.600000 38.560009
v 19.527758 1.600000 39.849998
v 19.527758 1.600000 38.150002
v 20.560007 1.600000 40.642075
v 20.560007 1.600000 37.357925
v 20.150000 1.600000 40.472244
v 20.150000 1.600000 37.527756
v 19.797918 1.600000 40.202080
v 19.797918 1.600000 37.797920
v 21.439993 1.600000 37.357925
v 21.850000 1.600000 40.472244
v 21.439993 1.600000 40.642075
v 21.850000 1.600000 37.527756
v 22.472242 1.600000 39.849998
v 22.472242 1.600000 38.150002
v 22.700001 1.600000 39.000000
v 22.642075 1.600000 39.439991
v 22.642075 1.600000 38.560009
v 22.202082 1.600000 40.202080
v 22.202082 1.600000 37.797920
v 21.000000 1.600000 37.299999
v 21.000000 1.600000 40.700001
v 23.755203 6.600000 40.379738
v 23.684679 6.600000 40.549999
v 21.000000 6.600000 42.099998
v 20.197660 6.600000 41.994370
v 21.802340 6.600000 41.994370
v 19.450001 6.600000 41.684677
v 18.807968 6.600000 41.192032
v 23.192032 6.600000 41.192032
v 22.549999 6.600000 41.684677
v 18.315321 6.600000 40.549999
v 18.005630 6.600000 39.802338
v 17.900000 6.600000 39.000000
v 18.005630 6.600000 38.197662
v 21.000000 6.600000 35.900002
v 21.162119 6.600000 35.921345
v 18.315321 6.600000 37.450001
v 20.197660 6.600000 36.005630
v 18.807968 6.600000 36.807968
v 19.450001 6.600000 36.315323
v 21.802340 6.600000 36.005630
v 22.549999 6.600000 36.315323
v 23.684679 6.600000 37.450001
v 23.192032 6.600000 36.807968
v 23.994370 6.600000 39.802338
v 24.100000 6.600000 39.000000
v 23.994370 6.600000 38.197662
v 21.000000 3.500000 37.299999
v 21.439993 3.500000 37.357925
v 21.850000 3.500000 37.527756
v 22.202082 3.500000 37.797920
v 22.472242 3.500000 38.150002
v 22.642075 3.500000 38.560009
v 22.700001 3.500000 39.000000
v 22.642075 3.500000 39.439991
v 22.472242 3.500000 39.849998
v 22.202082 3.500000 40.202080
v 21.850000 3.500000 40.472244
v 21.439993 3.500000 40.642075
v 21.000000 3.500000 40.700001
v 20.560007 3.500000 40.642075
v 20.150000 3.500000 40.472244
v 19.797918 3.500000 40.202080
v 19.527758 3.500000 39.849998
v 19.357925 3.500000 39.439991
v 19.299999 3.500000 39.000000
v 19.357925 3.500000 38.560009
v 19.527758 3.500000 38.150002
v 19.797918 3.500000 37.797920
v 20.150000 3.500000 37.527756
v 20.560007 3.500000 37.357925
vn -0.0000 -1.0000 -0.0000
vn -0.0000 1.0000 -0.0000
vn 0.0980 -0.0000 0.9952
vn -0.6344 -0.0000 -0.7730
vn 0.2903 -0.0000 0.9569
vn -0.7730 -0.0000 -0.6344
vn 1.0000 -0.0000 0.0014
vn 0.4714 -0.0000 0.8819
vn -0.8819 -0.0000 -0.4714
vn 0.9952 -0.0000 -0.0980
vn 0.6344 -0.0000 0.7730
vn -0.9569 -0.0000 -0.2903
vn 0.9569 -0.0000 -0.2903
vn 0.7730 -0.0000 0.6344
vn -1.0000 -0.0000 -0.0014
vn 0.8819 -0.0000 -0.4714
vn 0.8819 -0.0000 0.4714
vn -0.9952 -0.0000 0.0980
vn 0.7730 -0.0000 -0.6344
vn 0.9569 -0.0000 0.2903
vn -0.9569 -0.0000 0.2903
vn 0.6344 -0.0000 -0.7730
vn -0.8819 -0.0000 0.4714
vn 0.4714 -0.0000 -0.8819
vn -0.7730 -0.0000 0.6344
vn 0.2903 -0.0000 -0.9569
vn -0.6344 -0.0000 0.7730
vn 0.0026 -0.0000 -1.0000
vn -0.4714 -0.0000 0.8819
vn -0.0980 -0.0000 -0.9952
vn -0.2903 -0.0000 0.9569
vn -0.2903 -0.0000 -0.9569
vn -0.0026 -0.0000 1.0000
vn -0.4714 -0.0000 -0.8819
vn 1.0000 -0.0000 -0.0000
vn -0.0000 -0.0000 1.0000
vn -1.0000 -0.0000 -0.0000
vn -0.0000 -0.0000 -1.0000
vn -0.1305 -0.0000 0.9914
vn -0.3827 -0.0000 0.9239
vn -0.6088 -0.0000 0.7933
vn -0.7934 -0.0000 0.6088
vn -0.9239 -0.0000 0.3827
vn -0.9914 -0.0000 0.1305
vn -0.9914 -0.0000 -0.1305
vn -0.9239 -0.0000 -0.3827
vn -0.7934 -0.0000 -0.6088
vn -0.6088 -0.0000 -0.7933
vn -0.3827 -0.0000 -0.9239
vn -0.1305 -0.0000 -0.9914
vn 0.1305 -0.0000 -0.9914
vn 0.3827 -0.0000 -0.9239
vn 0.6088 -0.0000 -0.7933
vn 0.7934 -0.0000 -0.6088
vn 0.9239 -0.0000 -0.3827
vn 0.9914 -0.0000 -0.1305
vn 0.9914 -0.0000 0.1305
vn 0.9239 -0.0000 0.3827
vn 0.7934 -0.0000 0.6088
vn 0.6088 -0.0000 0.7933
vn 0.3827 -0.0000 0.9239
vn 0.1305 -0.0000 0.9914
vn -0.6088 -0.0000 0.7934
vn -0.6088 -0.0000 -0.7934
vn 0.6088 -0.0000 -0.7934
vn 0.6088 -0.0000 0.7934
vt 0.000000 0.000000
vt 0.377841 0.250000
vt 0.625000 0.250000
vt 0.625000 0.000000
vt 0.377841 0.000000
vt 0.377841 0.500000
vt 0.625000 0.500000
vt 0.625000 0.750000
vt 0.377841 0.750000
vt 0.625000 1.000000
vt 0.377841 1.000000
vt 0.640502 0.720893
vt 0.640502 0.508393
vt 0.875000 0.750000
vt 0.875000 0.500000
vt 0.859498 0.508393
vt 0.859498 0.720893
vt 0.539583 0.250000
vt 0.566667 0.250000
vt 0.566667 0.000000
vt 0.539583 0.000000
vt 0.539583 0.500000
vt 0.566667 0.500000
vt 0.566667 0.750000
vt 0.539583 0.750000
vt 0.566667 1.000000
vt 0.539583 1.000000
vt 1.000000 0.912500
vt 1.000000 0.600000
vt 0.958333 0.600000
vt 0.958333 0.912500
vt 0.916667 0.600000
vt 0.916667 0.912500
vt 0.875000 0.600000
vt 0.875000 0.912500
vt 0.833333 0.600000
vt 0.833333 0.912500
vt 0.791667 0.600000
vt 0.791667 0.912500
vt 0.750000 0.600000
vt 0.750000 0.912500
vt 0.708333 0.600000
vt 0.708333 0.912500
vt 0.666667 0.600000
vt 0.666667 0.912500
vt 0.625000 0.600000
vt 0.625000 0.912500
vt 0.583333 0.600000
vt 0.583333 0.912500
vt 0.541666 0.600000
vt 0.541666 0.912500
vt 0.500000 0.600000
vt 0.500000 0.912500
vt 0.458333 0.600000
vt 0.458333 0.912500
vt 0.416667 0.600000
vt 0.416667 0.912500
vt 0.375000 0.600000
vt 0.375000 0.912500
vt 0.333333 0.600000
vt 0.333333 0.912500
vt 0.291667 0.600000
vt 0.291667 0.912500
vt 0.250000 0.600000
vt 0.250000 0.912500
vt 0.208333 0.600000
vt 0.208333 0.912500
vt 0.166666 0.600000
vt 0.166666 0.912500
vt 0.125000 0.600000
vt 0.125000 0.912500
vt 0.083333 0.600000
vt 0.083333 0.912500
vt 0.041666 0.600000
vt 0.041666 0.912500
vt -0.000000 0.600000
vt -0.000000 0.912500
vt 1.000000 0.718750
vt 0.958333 0.718750
vt 0.916667 0.718750
vt 0.875000 0.718750
vt 0.833333 0.718750
vt 0.791667 0.600000
vt 0.791667 0.718750
vt 0.750000 0.718750
vt 0.708333 0.600000
vt 0.708333 0.718750
vt 0.666667 0.600000
vt 0.666667 0.718750
vt 0.625000 0.718750
vt 0.583333 0.718750
vt 0.541666 0.718750
vt 0.500000 0.600000
vt 0.500000 0.718750
vt 0.458333 0.718750
vt 0.416666 0.600000
vt 0.416666 0.718750
vt 0.375000 0.718750
vt 0.333333 0.718750
vt 0.291667 0.718750
vt 0.250000 0.718750
vt 0.208333 0.718750
vt 0.166666 0.600000
vt 0.166666 0.718750
vt 0.125000 0.718750
vt 0.083333 0.718750
vt 0.041666 0.718750
vt -0.000000 0.600000
vt -0.000000 0.718750
vt 1.000000 0.810000
vt 1.000000 0.500000
vt 0.958333 0.500000
vt 0.958333 0.810000
vt 0.916667 0.500000
vt 0.916667 0.810000
vt 0.875000 0.500000
vt 0.875000 0.810000
vt 0.833333 0.500000
vt 0.833333 0.810000
vt 0.791667 0.500000
vt 0.791667 0.810000
vt 0.750000 0.500000
vt 0.750000 0.810000
vt 0.708333 0.500000
vt 0.708333 0.810000
vt 0.666667 0.500000
vt 0.666667 0.810000
vt 0.625000 0.500000
vt 0.625000 0.810000
vt 0.583333 0.500000
vt 0.583333 0.810000
vt 0.541666 0.500000
vt 0.541666 0.810000
vt 0.500000 0.500000
vt 0.500000 0.810000
vt 0.464444 0.810000
vt 0.458333 0.500000
vt 0.458333 0.810000
vt 0.416666 0.500000
vt 0.416666 0.810000
vt 0.375000 0.500000
vt 0.375000 0.810000
vt 0.333333 0.500000
vt 0.333333 0.810000
vt 0.291667 0.500000
vt 0.291667 0.810000
vt 0.250000 0.500000
vt 0.250000 0.810000
vt 0.208333 0.500000
vt 0.208333 0.810000
vt 0.176155 0.810000
vt 0.166666 0.500000
vt 0.166666 0.810000
vt 0.125000 0.500000
vt 0.125000 0.810000
vt 0.083333 0.500000
vt 0.083333 0.810000
vt 0.041666 0.500000
vt 0.041666 0.810000
vt -0.000000 0.500000
vt -0.000000 0.810000
vt 0.618387 0.250000
vt 0.622872 0.284064
vt 0.518178 0.312117
vt 0.510000 0.250000
vt 0.518178 0.187883
vt 0.542154 0.130000
vt 0.580294 0.080294
vt 0.630000 0.042154
vt 0.687883 0.018178
vt 0.750000 0.010000
vt 0.812117 0.018178
vt 0.870000 0.042154
vt 0.919706 0.080294
vt 0.957846 0.130000
vt 0.981822 0.187883
vt 0.877128 0.215936
vt 0.863980 0.184194
vt 0.843064 0.156936
vt 0.815806 0.136020
vt 0.784064 0.122872
vt 0.750000 0.118387
vt 0.715936 0.122872
vt 0.684193 0.136020
vt 0.656936 0.156936
vt 0.636020 0.184194
vt 0.622872 0.215936
vt 0.881613 0.250000
vt 0.990000 0.250000
vt 0.981822 0.312117
vt 0.957846 0.370000
vt 0.919706 0.419706
vt 0.870000 0.457846
vt 0.812117 0.481822
vt 0.750000 0.490000
vt 0.687883 0.481822
vt 0.630000 0.457846
vt 0.580294 0.419706
vt 0.542154 0.370000
vt 0.636020 0.315806
vt 0.656936 0.343064
vt 0.684194 0.363980
vt 0.715936 0.377128
vt 0.750000 0.381613
vt 0.784064 0.377128
vt 0.815807 0.363980
vt 0.843064 0.343064
vt 0.863980 0.315806
vt 0.877128 0.284064
vt 0.827562 0.600000
vt 0.250000 0.718750
vt 0.223438 0.600000
vt 0.166667 0.718750
vt 0.870884 0.810000
vt 0.591627 0.810000
vt 0.535556 0.810000
vt 0.252478 0.810000
vt 0.333333 0.600000
vt 0.125000 0.600000
vt 0.426155 0.810000
vt 0.256119 0.810000
vt 0.625000 0.600000
vt 0.991581 0.810000
vt 0.676155 0.810000
s 0
usemtl Mat_Case_SlateGrey
f 1525/643/168 1528/643/168 1247/643/168 1245/643/168 1316/643/168 1535/643/168 1527/643/168 1529/643/168 1526/643/168
f 1255/643/168 1251/643/168 1250/643/168 1247/643/168 1528/643/168 1530/643/168 1533/643/168 1531/643/168 1547/643/168 1538/643/168 1536/643/168 1546/643/168 1544/643/168 1542/643/168 1541/643/168 1543/643/168 1540/643/168 1545/643/168 1537/643/168 1539/643/168 1548/643/168 1532/643/168 1534/643/168 1535/643/168 1316/643/168 1313/643/168 1620/643/168 1613/643/168 1610/643/168 1621/643/168 1605/643/168 1607/643/168 1609/643/168 1603/643/168 1601/643/168 1599/643/168 1600/643/168 1602/643/168 1608/643/168 1606/643/168 1604/643/168 1622/643/168 1612/643/168 1611/643/168 1619/643/168 1270/643/168 1268/643/168 1267/643/168 1264/643/168 1262/643/168 1259/643/168 1256/643/168
f 1274/643/168 1272/643/168 1271/643/168 1270/643/168 1619/643/168 1614/643/168 1617/643/168 1616/643/168 1618/643/168 1615/643/168 1620/643/168 1313/643/168 1315/643/168 1165/643/168 1155/643/168
f 1460/643/168 1448/643/168 1165/643/168 1315/643/168 1343/643/168 1342/643/168 1344/643/168 1447/643/168 1449/643/168 1451/643/168 1450/643/168 1455/643/168 1452/643/168 1454/643/168 1453/643/168 1461/643/168 1456/643/168 1457/643/168 1462/643/168 1459/643/168 1458/643/168
f 1233/643/168 1229/643/168 1226/643/168 1223/643/168 1217/643/168 1211/643/168 1208/643/168 1200/643/168 1194/643/168 1184/643/168 1176/643/168 1167/643/168 1165/643/168 1448/643/168 1464/643/168 1465/643/168 1470/643/168 1471/643/168 1469/643/168 1472/643/168 1467/643/168 1468/643/168 1466/643/168 1463/643/168 1447/643/168 1344/643/168 1341/643/168 1346/643/168 1339/643/168 1336/643/168 1347/643/168 1331/643/168 1333/643/168 1335/643/168 1329/643/168 1327/643/168 1325/643/168 1326/643/168 1328/643/168 1334/643/168 1332/643/168 1330/643/168 1348/643/168 1338/643/168 1337/643/168 1345/643/168 1340/643/168 1343/643/168 1315/643/168 1314/643/168 1378/643/168 1381/643/168 1379/643/168 1395/643/168 1386/643/168 1384/643/168 1394/643/168 1392/643/168 1390/643/168 1389/643/168 1391/643/168 1388/643/168 1393/643/168 1385/643/168 1387/643/168 1396/643/168 1380/643/168 1382/643/168 1383/643/168 1375/643/168 1236/643/168
f 1376/643/168 1378/643/168 1314/643/168 1316/643/168 1245/643/168 1241/643/168 1240/643/168 1236/643/168 1375/643/168 1377/643/168 1373/643/168 1374/643/168
f 1400/643/169 1397/643/169 1295/643/169 1320/643/169 1398/643/169 1399/643/169 1405/643/169 1404/643/169 1402/643/169 1403/643/169 1401/643/169
f 1406/643/169 1398/643/169 1320/643/169 1317/643/169 1369/643/169 1362/643/169 1360/643/169 1372/643/169 1354/643/169 1356/643/169 1358/643/169 1352/643/169 1350/643/169 1349/643/169 1351/643/169 1353/643/169 1359/643/169 1357/643/169 1355/643/169 1371/643/169 1363/643/169 1361/643/169 1370/643/169 1365/643/169 1284/643/169 1286/643/169 1287/643/169 1289/643/169 1290/643/169 1292/643/169 1293/643/169 1294/643/169 1295/643/169 1397/643/169 1415/643/169 1417/643/169 1419/643/169 1418/643/169 1416/643/169 1422/643/169 1421/643/169 1420/643/169 1414/643/169 1413/643/169 1412/643/169 1411/643/169 1410/643/169 1408/643/169 1409/643/169 1407/643/169
f 1474/643/169 1473/643/169 1365/643/169 1368/643/169 1366/643/169 1367/643/169 1364/643/169 1369/643/169 1317/643/169 1475/643/169 1479/643/169 1480/643/169 1477/643/169 1478/643/169 1476/643/169
f 1481/643/169 1475/643/169 1317/643/169 1489/643/169 1490/643/169
f 1492/643/169 1284/643/169 1365/643/169 1473/643/169 1482/643/169 1483/643/169 1484/643/169 1485/643/169 1486/643/169 1487/643/169 1488/643/169 1493/643/169 1494/643/169 1491/643/169
f 1565/643/169 1564/643/169 1303/643/169 1304/643/169 1305/643/169 1306/643/169 1307/643/169 1308/643/169 1309/643/169 1310/643/169 1311/643/169 1623/643/169 1624/643/169 1630/643/169 1631/643/169 1627/643/169 1625/643/169 1626/643/169 1628/643/169 1629/643/169 1632/643/169 1633/643/169 1634/643/169 1635/643/169 1638/643/169 1640/643/169 1641/643/169 1639/643/169 1636/643/169 1637/643/169 1318/643/169 1319/643/169 1320/643/169 1295/643/169 1296/643/169 1297/643/169 1550/643/169 1549/643/169 1551/643/169 1552/643/169 1553/643/169 1554/643/169 1555/643/169 1556/643/169 1558/643/169 1557/643/169 1559/643/169 1560/643/169 1561/643/169 1562/643/169 1563/643/169 1570/643/169 1567/643/169 1568/643/169 1569/643/169 1566/643/169
f 1311/643/169 1312/643/169 1276/643/169 1277/643/169 1278/643/169 1280/643/169 1281/643/169 1283/643/169 1284/643/169 1492/643/169 1500/643/169 1499/643/169 1497/643/169 1498/643/169 1496/643/169 1495/643/169 1489/643/169 1317/643/169 1318/643/169 1637/643/169 1642/643/169 1643/643/169 1645/643/169 1644/643/169 1648/643/169 1647/643/169 1646/643/169 1623/643/169
f 1572/643/169 1550/643/169 1297/643/169 1298/643/169 1299/643/169 1300/643/169 1301/643/169 1302/643/169 1303/643/169 1564/643/169 1571/643/169 1574/643/169 1573/643/169
f 1262/643/170 1264/643/170 1306/643/170 1305/643/170
f 1226/643/171 1229/643/171 1293/643/171 1292/643/171
f 1264/643/172 1267/643/172 1307/643/172 1306/643/172
f 1229/643/173 1233/643/173 1294/643/173 1293/643/173
f 1274/643/174 1155/643/174 1276/643/174 1312/643/174
f 1267/643/175 1268/643/175 1308/643/175 1307/643/175
f 1233/643/176 1236/643/176 1295/643/176 1294/643/176
f 1155/643/177 1165/643/177 1277/643/177 1276/643/177
f 1268/643/178 1270/643/178 1309/643/178 1308/643/178
f 1236/643/179 1240/643/179 1296/643/179 1295/643/179
f 1165/643/180 1167/643/180 1278/643/180 1277/643/180
f 1270/643/181 1271/643/181 1310/643/181 1309/643/181
f 1240/643/182 1241/643/182 1297/643/182 1296/643/182
f 1167/643/183 1176/643/183 1280/643/183 1278/643/183
f 1271/643/184 1272/643/184 1311/643/184 1310/643/184
f 1241/643/185 1245/643/185 1298/643/185 1297/643/185
f 1176/643/186 1184/643/186 1281/643/186 1280/643/186
f 1272/643/187 1274/643/187 1312/643/187 1311/643/187
f 1245/643/188 1247/643/188 1299/643/188 1298/643/188
f 1184/643/189 1194/643/189 1283/643/189 1281/643/189
f 1247/643/190 1250/643/190 1300/643/190 1299/643/190
f 1194/643/191 1200/643/191 1284/643/191 1283/643/191
f 1250/643/192 1251/643/192 1301/643/192 1300/643/192
f 1200/643/193 1208/643/193 1286/643/193 1284/643/193
f 1251/643/194 1255/643/194 1302/643/194 1301/643/194
f 1208/643/195 1211/643/195 1287/643/195 1286/643/195
f 1255/643/196 1256/643/196 1303/643/196 1302/643/196
f 1211/643/197 1217/643/197 1289/643/197 1287/643/197
f 1256/643/198 1259/643/198 1304/643/198 1303/643/198
f 1217/643/199 1223/643/199 1290/643/199 1289/643/199
f 1259/643/200 1262/643/200 1305/643/200 1304/643/200
f 1223/643/201 1226/643/201 1292/643/201 1290/643/201
f 1314/644/202 1175/645/202 1157/646/202 1316/647/202
f 1315/648/203 1202/649/203 1175/645/203 1314/644/203
f 1189/650/204 1202/649/204 1315/648/204 1313/651/204
f 1157/652/205 1189/650/205 1313/651/205 1316/653/205
f 1321/654/168 1324/655/168 1202/649/168 1189/650/168 1157/656/168 1175/657/168 1323/658/168 1322/659/168
f 1175/657/168 1202/649/168 1324/655/168 1323/658/168
f 1323/660/202 1320/661/202 1319/662/202 1322/663/202
f 1324/664/203 1317/665/203 1320/661/203 1323/660/203
f 1318/666/204 1317/665/204 1324/664/204 1321/667/204
f 1319/668/205 1318/666/205 1321/667/205 1322/669/205
f 1371/670/206 1347/671/206 1336/672/206 1363/673/206
f 1363/673/207 1336/672/207 1339/674/207 1361/675/207
f 1361/675/208 1339/674/208 1346/676/208 1370/677/208
f 1346/676/209 1341/678/209 1365/679/209 1370/677/209
f 1341/678/210 1344/680/210 1368/681/210 1365/679/210
f 1344/680/211 1342/682/211 1366/683/211 1368/681/211
f 1342/682/212 1343/684/212 1367/685/212 1366/683/212
f 1343/684/213 1340/686/213 1364/687/213 1367/685/213
f 1340/686/214 1345/688/214 1369/689/214 1364/687/214
f 1345/688/215 1337/690/215 1362/691/215 1369/689/215
f 1337/690/216 1338/692/216 1360/693/216 1362/691/216
f 1338/692/217 1348/694/217 1372/695/217 1360/693/217
f 1348/694/218 1330/696/218 1354/697/218 1372/695/218
f 1330/696/219 1332/698/219 1356/699/219 1354/697/219
f 1332/698/220 1334/700/220 1358/701/220 1356/699/220
f 1358/701/221 1334/700/221 1328/702/221 1352/703/221
f 1352/703/222 1328/702/222 1326/704/222 1350/705/222
f 1350/705/223 1326/704/223 1325/706/223 1349/707/223
f 1349/707/224 1325/706/224 1327/708/224 1351/709/224
f 1351/709/225 1327/708/225 1329/710/225 1353/711/225
f 1353/711/226 1329/710/226 1335/712/226 1359/713/226
f 1359/713/227 1335/712/227 1333/714/227 1357/715/227
f 1357/715/228 1333/714/228 1331/716/228 1355/717/228
f 1355/717/229 1331/716/229 1347/718/229 1371/719/229
f 1423/720/206 1396/671/206 1387/672/206 1424/721/206
f 1424/721/207 1387/672/207 1385/674/207 1425/722/207
f 1425/722/208 1385/674/208 1393/676/208 1426/723/208
f 1393/676/209 1388/678/209 1427/724/209 1426/723/209
f 1388/678/210 1391/725/210 1428/726/210 1427/724/210
f 1391/725/211 1389/682/211 1429/727/211 1428/726/211
f 1389/682/212 1390/728/212 1430/729/212 1429/727/212
f 1390/728/213 1392/730/213 1431/731/213 1430/729/213
f 1392/730/214 1394/688/214 1432/732/214 1431/731/214
f 1394/688/215 1384/690/215 1433/733/215 1432/732/215
f 1384/690/216 1386/692/216 1434/734/216 1433/733/216
f 1386/692/217 1395/735/217 1435/736/217 1434/734/217
f 1395/735/218 1379/696/218 1436/737/218 1435/736/218
f 1379/696/219 1381/738/219 1437/739/219 1436/737/219
f 1381/738/220 1378/700/220 1438/740/220 1437/739/220
f 1438/740/221 1378/700/221 1376/702/221 1439/741/221
f 1439/741/222 1376/702/222 1374/704/222 1440/742/222
f 1440/742/223 1374/704/223 1373/706/223 1441/743/223
f 1441/743/224 1373/706/224 1377/708/224 1442/744/224
f 1442/744/225 1377/708/225 1375/745/225 1443/746/225
f 1443/746/226 1375/745/226 1383/712/226 1444/747/226
f 1444/747/227 1383/712/227 1382/714/227 1445/748/227
f 1445/748/228 1382/714/228 1380/716/228 1446/749/228
f 1446/749/229 1380/716/229 1396/750/229 1423/751/229
f 1416/752/206 1150/753/206 1162/754/206 1422/755/206
f 1422/755/207 1162/754/207 1170/756/207 1421/757/207
f 1421/757/230 1170/756/230 1181/758/230 1420/759/230
f 1181/758/209 1192/760/209 1414/761/209 1420/759/209
f 1192/760/210 1205/762/210 1413/763/210 1414/761/210
f 1205/762/211 1216/764/211 1412/765/211 1413/763/211
f 1216/764/212 1221/766/212 1411/767/212 1412/765/212
f 1411/767/213 1221/766/213 1230/768/213 1410/769/213
f 1410/769/214 1230/768/214 1235/770/214 1408/771/214
f 1235/770/231 1244/772/231 1409/773/231 1408/771/231
f 1244/772/216 1249/774/216 1407/775/216 1409/773/216
f 1249/774/217 1253/776/217 1406/777/217 1407/775/217
f 1398/778/218 1406/777/218 1253/776/218 1258/779/218 1399/780/218
f 1399/780/219 1258/779/219 1261/781/219 1405/782/219
f 1261/781/232 1265/783/232 1404/784/232 1405/782/232
f 1404/784/221 1265/783/221 1269/785/221 1402/786/221
f 1402/786/222 1269/785/222 1273/787/222 1403/788/222
f 1403/788/223 1273/787/223 1275/789/223 1401/790/223
f 1401/790/224 1275/789/224 1279/791/224 1400/792/224
f 1397/793/225 1400/792/225 1279/791/225 1282/794/225 1415/795/225
f 1415/795/226 1282/794/226 1285/796/226 1417/797/226
f 1417/797/233 1285/796/233 1288/798/233 1419/799/233
f 1419/799/228 1288/798/228 1291/800/228 1418/801/228
f 1418/801/229 1291/800/229 1150/802/229 1416/803/229
f 1441/804/169 1442/805/169 1279/806/169 1275/807/169 1273/808/169 1269/809/169 1265/810/169 1261/811/169 1258/812/169 1253/813/169 1249/814/169 1244/815/169 1235/816/169 1230/817/169 1221/818/169 1430/819/169 1431/820/169 1432/821/169 1433/822/169 1434/823/169 1435/824/169 1436/825/169 1437/826/169 1438/827/169 1439/828/169 1440/829/169
f 1429/830/169 1430/819/169 1221/818/169 1216/831/169 1205/832/169 1192/833/169 1181/834/169 1170/835/169 1162/836/169 1150/837/169 1291/838/169 1288/839/169 1285/840/169 1282/841/169 1279/806/169 1442/805/169 1443/842/169 1444/843/169 1445/844/169 1446/845/169 1423/846/169 1424/847/169 1425/848/169 1426/849/169 1427/850/169 1428/851/169
f 1501/720/206 1469/671/206 1471/672/206 1502/721/206
f 1502/721/207 1471/672/207 1470/674/207 1503/722/207
f 1503/722/208 1470/674/208 1465/676/208 1504/723/208
f 1465/676/209 1464/678/209 1505/724/209 1504/723/209
f 1448/852/210 1460/725/210 1506/726/210 1505/724/210 1464/678/210
f 1460/725/211 1458/682/211 1507/727/211 1506/726/211
f 1458/682/212 1459/728/212 1508/729/212 1507/727/212
f 1459/728/213 1462/730/213 1509/731/213 1508/729/213
f 1462/730/214 1457/688/214 1510/732/214 1509/731/214
f 1457/688/215 1456/690/215 1511/733/215 1510/732/215
f 1456/690/216 1461/692/216 1512/734/216 1511/733/216
f 1461/692/217 1453/735/217 1513/736/217 1512/734/217
f 1453/735/218 1454/696/218 1514/737/218 1513/736/218
f 1454/696/219 1452/738/219 1515/739/219 1514/737/219
f 1452/738/220 1455/700/220 1516/740/220 1515/739/220
f 1516/740/221 1455/700/221 1450/702/221 1517/741/221
f 1517/741/222 1450/702/222 1451/704/222 1518/742/222
f 1518/742/223 1451/704/223 1449/706/223 1519/853/223
f 1519/853/224 1449/706/224 1447/854/224 1463/708/224 1520/744/224
f 1520/744/225 1463/708/225 1466/710/225 1521/855/225
f 1521/855/226 1466/710/226 1468/712/226 1522/747/226
f 1522/747/227 1468/712/227 1467/714/227 1523/748/227
f 1523/748/228 1467/714/228 1472/716/228 1524/749/228
f 1524/749/229 1472/716/229 1469/750/229 1501/751/229
f 1488/752/206 1153/753/206 1158/754/206 1493/755/206
f 1493/755/207 1158/754/207 1166/756/207 1494/757/207
f 1494/757/230 1166/756/230 1172/758/230 1491/759/230
f 1492/856/209 1491/759/209 1172/758/209 1180/760/209 1500/761/209
f 1180/760/210 1187/762/210 1499/763/210 1500/761/210
f 1187/762/211 1193/764/211 1497/765/211 1499/763/211
f 1193/764/212 1197/766/212 1498/767/212 1497/765/212
f 1197/766/213 1207/768/213 1496/769/213 1498/767/213
f 1207/768/214 1213/770/214 1495/771/214 1496/769/214
f 1489/857/231 1495/771/231 1213/770/231 1220/772/231 1490/773/231
f 1220/772/216 1224/774/216 1481/775/216 1490/773/216
f 1475/858/217 1481/775/217 1224/774/217 1227/776/217 1479/777/217
f 1227/776/218 1232/779/218 1480/780/218 1479/777/218
f 1232/779/219 1238/781/219 1477/782/219 1480/780/219
f 1238/781/232 1243/783/232 1478/784/232 1477/782/232
f 1478/784/221 1243/783/221 1246/785/221 1476/786/221
f 1476/786/222 1246/785/222 1248/787/222 1474/788/222
f 1473/859/223 1474/788/223 1248/787/223 1252/789/223 1482/790/223
f 1482/790/224 1252/789/224 1254/791/224 1483/792/224
f 1483/792/225 1254/791/225 1257/794/225 1484/795/225
f 1484/795/226 1257/794/226 1260/796/226 1485/797/226
f 1485/797/233 1260/796/233 1263/798/233 1486/799/233
f 1486/799/228 1263/798/228 1266/800/228 1487/801/228
f 1487/801/229 1266/800/229 1153/802/229 1488/803/229
f 1511/822/169 1512/823/169 1224/814/169 1220/815/169 1213/816/169 1207/817/169 1197/818/169 1193/831/169 1187/832/169 1180/833/169 1172/834/169 1166/835/169 1158/836/169 1153/837/169 1266/838/169 1524/845/169 1501/846/169 1502/847/169 1503/848/169 1504/849/169 1505/850/169 1506/851/169 1507/830/169 1508/819/169 1509/820/169 1510/821/169
f 1523/844/169 1524/845/169 1266/838/169 1263/839/169 1260/840/169 1257/841/169 1254/806/169 1252/807/169 1248/808/169 1246/809/169 1243/810/169 1238/811/169 1232/812/169 1227/813/169 1224/814/169 1512/823/169 1513/824/169 1514/825/169 1515/826/169 1516/827/169 1517/828/169 1518/829/169 1519/804/169 1520/805/169 1521/842/169 1522/843/169
f 1575/720/206 1548/671/206 1539/672/206 1576/721/206
f 1576/721/207 1539/672/207 1537/674/207 1577/722/207
f 1577/722/208 1537/674/208 1545/676/208 1578/723/208
f 1545/676/209 1540/678/209 1579/724/209 1578/723/209
f 1540/678/210 1543/725/210 1580/726/210 1579/724/210
f 1543/725/211 1541/682/211 1581/727/211 1580/726/211
f 1541/682/212 1542/728/212 1582/729/212 1581/727/212
f 1542/728/213 1544/730/213 1583/731/213 1582/729/213
f 1544/730/214 1546/688/214 1584/732/214 1583/731/214
f 1546/688/215 1536/690/215 1585/733/215 1584/732/215
f 1536/690/216 1538/692/216 1586/734/216 1585/733/216
f 1538/692/217 1547/735/217 1587/736/217 1586/734/217
f 1547/735/218 1531/696/218 1588/737/218 1587/736/218
f 1531/696/219 1533/738/219 1589/739/219 1588/737/219
f 1533/738/220 1530/700/220 1590/740/220 1589/739/220
f 1590/740/221 1530/700/221 1528/860/221 1591/741/221
f 1591/741/222 1528/860/222 1525/704/222 1592/742/222
f 1592/742/223 1525/704/223 1526/706/223 1593/853/223
f 1593/853/224 1526/706/224 1529/708/224 1594/744/224
f 1594/744/225 1529/708/225 1527/710/225 1595/855/225
f 1595/855/226 1527/710/226 1535/861/226 1596/747/226
f 1596/747/227 1535/861/227 1534/714/227 1597/748/227
f 1597/748/228 1534/714/228 1532/716/228 1598/749/228
f 1598/749/229 1532/716/229 1548/750/229 1575/751/229
f 1556/752/206 1151/753/206 1154/754/206 1558/755/206
f 1558/755/207 1154/754/207 1160/756/207 1557/757/207
f 1557/757/230 1160/756/230 1163/758/230 1559/759/230
f 1559/759/209 1163/758/209 1169/760/209 1560/761/209
f 1169/760/210 1174/762/210 1561/763/210 1560/761/210
f 1174/762/211 1178/764/211 1562/765/211 1561/763/211
f 1178/764/212 1182/766/212 1563/767/212 1562/765/212
f 1182/766/213 1185/768/213 1570/769/213 1563/767/213
f 1570/769/214 1185/768/214 1190/770/214 1567/771/214
f 1190/770/231 1196/772/231 1568/773/231 1567/771/231
f 1196/772/216 1199/774/216 1569/775/216 1568/773/216
f 1199/774/217 1203/776/217 1566/777/217 1569/775/217
f 1203/776/218 1209/779/218 1565/780/218 1566/777/218
f 1564/862/219 1565/780/219 1209/779/219 1214/781/219 1571/782/219
f 1571/782/232 1214/781/232 1219/783/232 1574/784/232
f 1574/784/221 1219/783/221 1222/785/221 1573/786/221
f 1573/786/222 1222/785/222 1225/787/222 1572/788/222
f 1550/863/223 1572/788/223 1225/787/223 1228/789/223 1549/790/223
f 1549/790/224 1228/789/224 1231/791/224 1551/792/224
f 1551/792/225 1231/791/225 1234/794/225 1552/795/225
f 1552/795/226 1234/794/226 1237/796/226 1553/797/226
f 1553/797/233 1237/796/233 1239/798/233 1554/799/233
f 1554/799/228 1239/798/228 1242/800/228 1555/801/228
f 1555/801/229 1242/800/229 1151/802/229 1556/803/229
f 1593/804/169 1594/805/169 1231/806/169 1228/807/169 1225/808/169 1222/809/169 1219/810/169 1214/811/169 1209/812/169 1203/813/169 1199/814/169 1196/815/169 1190/816/169 1185/817/169 1182/818/169 1582/819/169 1583/820/169 1584/821/169 1585/822/169 1586/823/169 1587/824/169 1588/825/169 1589/826/169 1590/827/169 1591/828/169 1592/829/169
f 1581/830/169 1582/819/169 1182/818/169 1178/831/169 1174/832/169 1169/833/169 1163/834/169 1160/835/169 1154/836/169 1151/837/169 1242/838/169 1239/839/169 1237/840/169 1234/841/169 1231/806/169 1594/805/169 1595/842/169 1596/843/169 1597/844/169 1598/845/169 1575/846/169 1576/847/169 1577/848/169 1578/849/169 1579/850/169 1580/851/169
f 1649/720/206 1621/671/206 1610/672/206 1650/721/206
f 1650/721/207 1610/672/207 1613/674/207 1651/722/207
f 1651/722/208 1613/674/208 1620/676/208 1652/723/208
f 1620/676/209 1615/678/209 1653/724/209 1652/723/209
f 1615/678/210 1618/725/210 1654/726/210 1653/724/210
f 1618/725/211 1616/682/211 1655/727/211 1654/726/211
f 1616/682/212 1617/728/212 1656/729/212 1655/727/212
f 1617/728/213 1614/730/213 1657/731/213 1656/729/213
f 1614/730/214 1619/864/214 1658/732/214 1657/731/214
f 1619/864/215 1611/690/215 1659/733/215 1658/732/215
f 1611/690/216 1612/692/216 1660/734/216 1659/733/216
f 1612/692/217 1622/735/217 1661/736/217 1660/734/217
f 1622/735/218 1604/696/218 1662/737/218 1661/736/218
f 1604/696/219 1606/738/219 1663/739/219 1662/737/219
f 1606/738/220 1608/700/220 1664/740/220 1663/739/220
f 1664/740/221 1608/700/221 1602/702/221 1665/741/221
f 1665/741/222 1602/702/222 1600/704/222 1666/742/222
f 1666/742/223 1600/704/223 1599/706/223 1667/743/223
f 1667/743/224 1599/706/224 1601/708/224 1668/744/224
f 1668/744/225 1601/708/225 1603/710/225 1669/855/225
f 1669/855/226 1603/710/226 1609/712/226 1670/747/226
f 1670/747/227 1609/712/227 1607/714/227 1671/748/227
f 1671/748/228 1607/714/228 1605/716/228 1672/749/228
f 1672/749/229 1605/716/229 1621/750/229 1649/751/229
f 1636/752/206 1149/753/206 1152/754/206 1642/755/206 1637/865/206
f 1642/755/207 1152/754/207 1156/756/207 1643/757/207
f 1643/757/230 1156/756/230 1159/758/230 1645/759/230
f 1159/758/209 1161/760/209 1644/761/209 1645/759/209
f 1161/760/210 1164/762/210 1648/763/210 1644/761/210
f 1164/762/211 1168/764/211 1647/765/211 1648/763/211
f 1168/764/212 1171/766/212 1646/767/212 1647/765/212
f 1646/767/213 1171/766/213 1173/768/213 1624/769/213 1623/866/213
f 1624/769/214 1173/768/214 1177/770/214 1630/771/214
f 1177/770/231 1179/772/231 1631/773/231 1630/771/231
f 1631/773/216 1179/772/216 1183/774/216 1627/775/216
f 1183/774/217 1186/776/217 1625/777/217 1627/775/217
f 1186/776/218 1188/779/218 1626/780/218 1625/777/218
f 1188/779/219 1191/781/219 1628/782/219 1626/780/219
f 1191/781/232 1195/783/232 1629/784/232 1628/782/232
f 1629/784/221 1195/783/221 1198/785/221 1632/786/221
f 1632/786/222 1198/785/222 1201/787/222 1633/788/222
f 1633/788/223 1201/787/223 1204/789/223 1634/790/223
f 1634/790/224 1204/789/224 1206/791/224 1635/792/224
f 1635/792/225 1206/791/225 1210/794/225 1638/795/225
f 1638/795/226 1210/794/226 1212/796/226 1640/797/226
f 1640/797/233 1212/796/233 1215/798/233 1641/799/233
f 1641/799/228 1215/798/228 1218/800/228 1639/801/228
f 1639/801/229 1218/800/229 1149/802/229 1636/803/229
f 1668/805/169 1206/806/169 1204/807/169 1201/808/169 1198/809/169 1195/810/169 1191/811/169 1188/812/169 1186/813/169 1183/814/169 1179/815/169 1177/816/169 1173/817/169 1171/818/169 1656/819/169 1657/820/169 1658/821/169 1659/822/169 1660/823/169 1661/824/169 1662/825/169 1663/826/169 1664/827/169 1665/828/169 1666/829/169 1667/804/169
f 1171/818/169 1168/831/169 1164/832/169 1161/833/169 1159/834/169 1156/835/169 1152/836/169 1149/837/169 1218/838/169 1215/839/169 1212/840/169 1210/841/169 1206/806/169 1668/805/169 1669/842/169 1670/843/169 1671/844/169 1672/845/169 1649/846/169 1650/847/169 1651/848/169 1652/849/169 1653/850/169 1654/851/169 1655/830/169 1656/819/169
